a	b	add	sub	mul	div
06fa985b	e36f371e	e36f371e	636f371e	aaea2a31	80000000
a4b6d062	1476ae25	a4b6d062	a4b6d062	800002c1	cfbdb888
05fa5b72	4c2af1d1	4c2af1d1	cc2af1d1	12a72d36	00000177
f4ae29ad	51960ccf	f4ae29ad	f4ae29ad	ff800000	e29491c2
d36d0358	ff709210	ff709210	7f709210	7f800000	137c36df
30c85861	85496425	30c85861	30c85861	8000000a	eafeaba1
9d6124c0	33d99c7c	33d99c7c	b3d99c7c	91bf61c6	a9046e37
1e084c95	f24979ad	f24979ad	724979ad	d0d689d3	80000000
ea935f8d	b9981878	ea935f8d	ea935f8d	64af1da4	70780d35
cead1494	81ab1dca	cead1494	cead1494	10e761c6	7f800000
d0684a53	5d369659	5d369659	dd369659	ee25ad43	b2a2d7f2
2fcd2ce4	53674f4f	53674f4f	d3674f4f	43b96312	1be31371
fba2d5c6	6be2f3c7	fba2d5c6	fba2d5c6	ff800000	cf37ad29
1e2399f1	788c5e2d	788c5e2d	f88c5e2d	573368be	00000000
1a5831c2	0a16f05b	1a5831c2	1a5831c2	00000000	4fb7569b
875d0479	434a2aae	434a2aae	c34a2aae	8b2e8a60	838bef68
6cba02fd	e5804210	6cba00fc	6cba04fe	ff800000	c6b9a32e
cb22081d	aaf95421	cb22081d	cb22081d	369dcf24	5fa65e03
34f2c28e	ef2a1e66	ef2a1e66	6f2a1e66	e4a15206	8536a80a
4748ae19	d172a029	d172a01c	5172a036	d93e3221	b553be05
4965c031	e63279de	e63279de	663279de	f0202d01	a2a4c5fa
3f55b64d	bb18f14d	3f551d5c	3f564f3e	baff5b5d	c3b2dbe5
314c5918	dd34b2a3	dd34b2a3	5d34b2a3	cf103d3d	9390c0c4
51914af6	69403e3f	69403e3f	e9403e3f	7b5a3719	27c17a8e
d01abfad	8bbefb05	d01abfad	d01abfad	1c66e3ff	7f800000
7ddfdd0b	3e927494	7ddfdd0b	7ddfdd0b	7d001202	7ec3a752
c42a04ff	6537c9ea	6537c9ea	e537c9ea	e9f41f57	9e6cd221
e28db4c7	9dbb5d62	e28db4c7	e28db4c7	40cf6d7d	7f800000
94dbe654	f9287d59	f9287d59	79287d59	4e90bad3	00000000
c1fc2c79	5b531efa	5b531efa	db531efa	ddcff72b	a618e3c6
2f5ac20e	cb4d820c	cb4d820c	4b4d820c	bb2f9c86	a38840b4
7ca62811	b0e045b6	7ca62811	7ca62811	ee11904e	ff800000
ec514052	17d21a30	ec514052	ec514052	c4abbc2b	ff800000
fefcbbf3	8367f08f	fefcbbf3	fefcbbf3	42e4fb16	7f800000
db799d88	782945f4	782945f4	f82945f4	ff800000	a2bcc0aa
ea99f4e6	493f692d	ea99f4e6	ea99f4e6	f46639f0	e0cde848
d398ed80	4c54ad86	d398ebd7	d398ef29	e07e18ad	c6b81433
5782761a	207860cf	5782761a	5782761a	387d277e	768676f8
722ceb00	eb4e7440	722ce7c6	722cee3a	ff800000	c6566a6b
c1c44004	2c54b716	c1c44004	c1c44004	aea3115e	d4ec2f37
cecaa946	129d94c2	cecaa946	cecaa946	a1f97f27	fba49e22
be3b7479	258ccd17	be3b7479	be3b7479	a44e33bf	d82a6989
63542920	1f3eb85e	63542920	63542920	431e0f51	7f800000
e850f427	90279442	e850f427	e850f427	3908c848	7f800000
fd97f9fc	8c48c54c	fd97f9fc	fd97f9fc	4a6e60db	7f800000
2cb25051	23948eb8	2cb25076	2cb2502c	10cef3af	4899a378
807b3df1	f29583c7	f29583c7	729583c7	338ff4fc	00000000
7caea78e	9a80ce29	7caea78e	7caea78e	d7afc0dc	ff800000
5e4cbdee	4a0cb40e	5e4cbdee	5e4cbdee	68e10fbe	53ba41c3
a599f270	2bc4d98c	2bc4cfed	abc4e32b	91ecc0e1	b94834a4
5941d881	6f501ba9	6f501ba9	ef501ba9	7f800000	296e749a
14f3aeaf	e41ae1f5	e41ae1f5	641ae1f5	b9936e2b	80000000
2449cbd2	aefea071	aefea06b	2efea077	93c8b6b3	b4cae270
187ecda6	a372f62a	a372f626	2372f62e	800078ea	b4863d15
bbbe5ea9	3a3b35f5	bba6f7ea	bbd5c568	b68b3745	c10228ed
1edf44f2	c2ad1c6e	c2ad1c6e	42ad1c6e	a216fa63	9ba51667
01e8a435	63100737	63100737	e3100737	2582e2ec	00000000
dd0a0a7f	dba679a9	dd1ed9b4	dcea7694	793388d1	40d44659
ea924fe0	9b8fdcdf	ea924fe0	ea924fe0	46a471b4	7f800000
ebda0fe7	6ee440b1	6ee0d871	eee7a8f1	ff800000	bc749214
b2f8a5fe	6d0ab151	6d0ab151	ed0ab151	e086b5b4	85657a87
597d5a70	a1e13332	597d5a70	597d5a70	bbdedf27	f710007b
c7eb17db	352e58f1	c7eb17db	c7eb17db	bda01be4	d22c98f5
e578de90	2a8265c0	e578de90	e578de90	d07d87df	fa744b31
16030d63	1e416b38	1e416bbb	9e416ab5	00000001	372d7461
d78e224b	a34ead38	d78e224b	d78e224b	3b657f89	73b00de1
99321043	7bdfff94	7bdfff94	fbdfff94	d59bcdf0	80000000
8b3c8224	e468ff1c	e468ff1c	6468ff1c	302b91cb	00000000
9626fa62	64517e68	64517e68	e4517e68	bb08a4dd	80000000
18679323	b9f088d0	b9f088d0	39f088d0	92d995b3	9df676d9
e9d8300c	419a0c53	e9d8300c	e9d8300c	ec021750	e7b3a1df
07c2b094	d25214ce	d25214ce	525214ce	9a9fc4ac	80000001
05d600ac	7d657002	7d657002	fd657002	43bfcc3c	00000000
1829b966	a50fc142	a50fc142	250fc142	8002fa76	b2971f89
b68b3891	2a5ea5dc	b68b3891	b68b3891	a1722a82	cba01370
2f8aa0d4	e621d220	e621d220	6621d220	d62f41dd	88db4f37
f12c541d	f3cd926d	f3d2f50e	73c82fcc	7f800000	3cd69a0f
6d12103b	2dc6608e	6d12103b	6d12103b	5b625f49	7ebc7d98
2a60f7d1	f7dce1ea	f7dce1ea	77dce1ea	e2c21b7f	80000000
26b53949	bd760ddb	bd760ddb	3d760ddb	a4ae2edb	a8bc8c92
f0b0c6b0	6c5ec889	f0b0574c	f0b13614	ff800000	c3cb2218
1c41d71e	d08fd55b	d08fd55b	508fd55b	ad59d16d	8b2c8086
3654ac02	88449336	3654ac02	3654ac02	801469c0	ed8a7b43
deb7313c	a4ea435c	deb7313c	deb7313c	4427a335	794830c0
88f2e5d5	32a1d8f9	32a1d8f9	b2a1d8f9	80004cc8	95c0199a
39203214	15891160	39203214	39203214	0f2b8b58	63159903
c4d167bb	849ef356	c4d167bb	c4d167bb	0a020511	7f800000
409d0407	e0235d6a	e0235d6a	60235d6a	e14865b8	9ff60cf3
647e2d2c	edbba989	edbba969	6dbba9a9	ff800000	b62d5e26
eff4b53b	46ed8df1	eff4b53b	eff4b53b	f7631376	e883dabe
1638e541	0ace5de1	1638e543	1638e53f	00000000	4ae55d62
880182fc	c2e31cc5	c2e31cc5	42e31cc5	0b65cb67	0491fc24
133ec15b	964e8d61	964b925c	16518866	80000000	bc6c6bdb
8c779ca8	064508e3	8c779057	8c77a8f9	80000000	c5a0db48
88e71630	a914f04e	a914f04e	2914f04e	00000000	1f469960
46e72e1f	e1b71e4e	e1b71e4e	61b71e4e	e9255d56	a4a19862
ef07598a	1eb862d2	ef07598a	ef07598a	ce42f935	ff800000
22709e84	d92d7f1a	d92d7f1a	592d7f1a	bc231296	88b1855b
c3a15fbf	5a868121	5a868121	da868121	dea99308	a89991fb
60e09327	37f70432	60e09327	60e09327	5958b1a9	6868be05
bd8f68cb	b60bbc62	bd8f69e2	bd8f67b4	341c8edc	47035d6e
66debdf3	960393d2	66debdf3	66debdf3	bd64f7a2	ff800000
0d03c795	f2cc7032	f2cc7032	72cc7032	c0527998	80000000
3d46910c	ddabcc72	ddabcc72	5dabcc72	db854177	9f13f197
7d8b6ed9	7af3ce12	7d8f3e11	7d879fa1	7f800000	4212684b
6a174e76	4b201475	6a174e76	6a174e76	75bd3a42	5e71f833
185b12d6	286977a1	286977a1	a86977a1	0147ca84	2f703793
6de438ca	29d85fd7	6de438ca	6de438ca	5840e55b	7f800000
6aa10bee	082ceb0c	6aa10bee	6aa10bee	33598fc3	7f800000
0294228f	08267788	08268a0c	88266504	00000000	39e3cef2
901dff31	8a999f7b	901e1265	901debfd	00000000	4503a4f4
3babedaa	d20202f0	d20202f0	520202f0	ce2ea153	a92944b5
e55e3b9b	f8be4976	f8be4976	78be4976	7f800000	2c157d2e
c941640c	4b072d82	4af62e82	cb1343c3	d4cc3c46	bdb71f3c
f59a1562	0811aae2	f59a1562	f59a1562	be2f59ed	ff800000
22563b09	5bcc3d53	5bcc3d53	dbcc3d53	3eaaea5d	060642f5
36cafe39	24971272	36cafe39	36cafe39	1bef9528	51abfdd4
a8a39871	d6edc88f	d6edc88f	56edc88f	4017f44b	113020e6
6a3b0dbc	e17df196	6a3b0d7d	6a3b0dfb	ff800000	c83c917d
ab10c5c1	3c33e07a	3c33e07a	bc33e07a	a7cb7270	ae4e0a22
d12b5704	ba89c75a	d12b5704	d12b5704	4c386dfc	561f2de1
2cfff667	7107760a	7107760a	f107760a	5e8770f6	00001e3c
87a61709	e0de007d	e0de007d	60de007d	2910084b	00000000
9f4b4917	95540bd8	9f4b4924	9f4b490a	00000001	49756c5c
8ab06f2b	d17238cb	d17238cb	517238cb	1ca6f03b	000000ba
e647e917	a80ad6f7	e647e917	e647e917	4ed8d708	7db84d83
2c96b88d	9ff8002b	2c96b88d	2c96b88d	8d1202e2	cc1b951c
7e6e90b1	b4010687	7e6e90b1	7e6e90b1	f2f079fd	ff800000
96eb9358	ebe1f882	ebe1f882	6be1f882	434ff12f	00000000
1e3bd349	a2ce369a	a2cdd8b0	22ce9484	81974c14	bae92c2e
baa962a2	8cde4b9f	baa962a2	baa962a2	08131592	6d43114f
e948ffd3	c89c0a9d	e948ffd3	e948ffd3	72750874	6024e0f2
cd3e895e	0124f223	cd3e895e	cd3e895e	8ef58870	ff800000
56952953	bc646d1e	56952953	56952953	d3851862	d9a72abf
59f2b833	7302fc58	7302fc58	f302fc58	7f800000	266d2fda
1ddfdb8d	02be8367	1ddfdb8d	1ddfdb8d	00000000	5a96672d
d47373f0	f99d55de	f99d55de	799d55de	7f800000	1a460f8c
aefee7bb	6eedc918	6eedc918	eeedc918	de6cc4c4	80224dcb
3d3de152	c35071c4	c35065e6	43507da2	c11a9b74	b969334f
1e06fd22	91848528	1e06fd22	1e06fd22	80000000	cc02626c
5220c65b	5c5fd80e	5c5fd818	dc5fd804	6f0c9479	3537dee9
c04a67f4	b16c7f9d	c04a67f4	c04a67f4	323afcbb	4e5b18aa
298ddbd6	816d7a2b	298ddbd6	298ddbd6	80000000	e798ec67
7c04ac2b	285864f7	7c04ac2b	7c04ac2b	64e04b2f	7f800000
6a3acd09	9c3ef935	6a3acd09	6a3acd09	c70b5a05	ff800000
cecd56de	80a0f15f	cecd56de	cecd56de	100117e6	7f800000
33eaa2e1	a1f97bd4	33eaa2e1	33eaa2e1	9664a9eb	d170c3c6
7223e999	d02f8e2b	7223e999	7223e999	ff800000	e16f05a5
3a19faa1	d58a6fe4	d58a6fe4	558a6fe4	d02688cf	a40e5ec6
a4893dbf	de3aa797	de3aa797	5e3aa797	4348216a	05bc3a87
308133ac	5eb4f63c	5eb4f63c	deb4f63c	4fb6a936	1136c6ec
4d935941	d92911d2	d92911d1	592911d3	e742a05b	b3df1c5d
ebb9d4c1	b338d453	ebb9d4c1	ebb9d4c1	5f862b0b	7800b196
c353a986	e299f52d	e299f52d	6299f52d	667e960f	202ff9b0
3eed290a	edc81446	edc81446	6dc81446	ed395ad8	9097b8f7
c1d1f191	8ededf25	c1d1f191	c1d1f191	1136c67c	7271267a
44901495	e6bec02c	e6bec02c	66bec02c	ebd6b6de	9d415d8c
8c100e3c	ae3779c0	ae3779c0	2e3779c0	00000ce8	1d48ff80
81cafeba	4124efb9	4124efb9	c124efb9	8382c946	804ec490
e3f2e497	50f76d10	e3f2e497	e3f2e497	f56ac208	d27b4f50
12a21a90	755798a2	755798a2	f55798a2	488884f5	00000000
23b7345a	c446ca21	c446ca21	4446ca21	a88e4325	9eebedfd
d72a5962	bf01af89	d72a5962	d72a5962	56ac97b1	57a8228a
278bf2fc	b965e3ef	b965e3ef	3965e3ef	a17b59ed	ad9bd802
16d8c214	4828cbe9	4828cbe9	c828cbe9	1f8eec04	0e245ea7
1facdad6	55640758	55640758	d5640758	3599f7dc	09c20ee6
8b0be98c	bbc10db4	bbc10db4	3bc10db4	07530520	0eb9881d
16e50ade	33d527be	33d527be	b3d527be	0b3eb599	22898a50
e6ecd808	14ff8947	e6ecd808	e6ecd808	bc6c6a31	ff800000
0cca8209	5c222902	5c222902	dc222902	298046ba	00000000
a179acf4	0f7e89f6	a179acf4	a179acf4	80000000	d17b1bd8
13718ad1	f789a480	f789a480	7789a480	cb81de80	80000000
4f4888d5	6ae5df86	6ae5df86	eae5df86	7ab4117f	23df53a9
a8f12953	b4502f85	b4502f87	34502f83	1dc41e57	34144653
78025618	a9d049c6	78025618	78025618	e2541706	ff800000
ce7b6c90	4e55c8ef	cd168e84	cee89ac0	dd51f6ab	bf96892a
56aa8b69	df80855d	df808532	5f808588	f6ab3d1a	b6a9da71
8406b6db	4636eabc	4636eabc	c636eabc	8ac0830c	80017914
c8662fa4	3487f94d	c8662fa4	c8662fa4	bd748692	d358affc
418599f7	bb117351	4185956b	41859e83	bd17d0c7	c5eb2527
3461f5e9	facd6772	facd6772	7acd6772	efb54d3a	8000011a
9a5f20c8	0a47ff7e	9a5f20c8	9a5f20c8	80000000	cf8ecdaa
84ca1ac3	87777876	877dc94c	077127a0	00000000	3cd11204
cf9e7050	bd84c95d	cf9e7050	cf9e7050	4da45d12	5198ba3b
9629f136	d0b9db48	d0b9db48	50b9db48	2776c1c2	04ea145a
adde7d55	ba065267	ba065267	3a065267	28697a70	335404a0
13a2d53b	e92ef3e0	e92ef3e0	692ef3e0	bd5e901a	80000000
274896d5	43238c02	43238c02	c3238c02	2b0025be	239cfdbc
3291c4c2	7ca87482	7ca87482	fca87482	6fbfd6ed	00000002
36fef614	53a520cf	53a520cf	d3a520cf	4b247548	22c5a276
2c4cd9c0	d84f8222	d84f8222	584f8222	c5260c34	937cb89f
4822f815	13019a2f	4822f815	4822f815	1ba50253	74a0f44b
056db6c5	6991cdf5	6991cdf5	e991cdf5	2f8763c4	00000000
bdf8ee9f	33386c6f	bdf8ee99	bdf8eea5	b1b354f3	ca2cc5bf
4a114835	a0d57890	4a114835	4a114835	ab724aff	e8ae39e1
02a5c905	ec51175f	ec51175f	6c51175f	af876840	80000000
3415041f	1e471426	3415041f	3415041f	12e7c3dd	553f9f91
dfe68691	f3db58f9	f3db58f9	73db58f9	7f800000	2b8685e1
87cfca3a	b1d3e0bf	b1d3e0bf	31d3e0bf	00000560	157b0f8d
f926e30c	fc86e46c	fc883232	7c8596a6	7f800000	3c1e5c21
df536ea3	672b6d1a	672b6c47	e72b6ded	ff800000	b79ddf1f
9c4a55da	525aef3d	525aef3d	d25aef3d	af2d0a32	896c9732
10fe4150	3a46eddf	3a46eddf	ba46eddf	0bc592c4	16239965
d62ab0f1	592db7f3	592b0d2f	d93062b7	efe7a873	bc7b89e9
66eb319b	dfeefdaa	66eb2ddf	66eb3557	ff800000	c67beec2
ff14601b	10434433	ff14601b	ff14601b	cfe25977	ff800000
809f15fc	e73f3aeb	e73f3aeb	673f3aeb	286dac08	00000000
ea42dab9	e082aaef	ea42dac9	ea42daa9	7f800000	493ee051
a4162a29	034c2a94	a4162a29	a4162a29	80000000	e03c49d8
a74013e7	28957e04	287af70e	a8ad8081	90605444	be24768a
4016ffeb	540ddfe6	540ddfe6	d40ddfe6	54a75e0a	2b883b92
b994a3de	c86333e0	c86333e0	486333e0	4283eb6d	30a77ad9
8466be3c	01a757cb	8461837e	846bf8fa	80000000	c2307e9b
92bda7ab	badc1b14	badc1b14	3adc1b14	0e231026	175c9556
e3e14fb8	ee3e3bce	ee3e3bd5	6e3e3bc7	7f800000	35179a32
a39bdc12	6823db4e	6823db4e	e823db4e	cc478548	80000f38
bf8e0d76	49b44d48	49b44d3f	c9b44d51	c9c818b2	b549b12c
cfe546dc	0f2654b2	cfe546dc	cfe546dc	9f94f7cd	ff800000
ea037fb9	332d3639	ea037fb9	ea037fb9	ddb1f254	f642599d
5652370c	179d0454	5652370c	5652370c	2e80ef50	7e2b5df7
da6dc8ac	e4336c68	e4336c77	64336c59	7f26a802	35a9a254
6cb33a64	1dcb67ca	6cb33a64	6cb33a64	4b0e67f7	7f800000
48018afc	4522f64c	480416d5	47fdfe46	4da4ed2b	424b804f
5792a24a	f5c158c0	f5c158c0	75c158c0	ff800000	a1422671
fe0d3f8b	25739012	fe0d3f8b	fe0d3f8b	e40662cf	ff800000
5f732c92	96f55545	5f732c92	5f732c92	b6e90aa7	ff800000
e866923a	efb930b6	efb93283	6fb92ee9	7f800000	381f5dce
0aae619b	fef01eae	fef01eae	7ef01eae	ca239067	80000000
bfc73384	9b06949f	bfc73384	bfc73384	1b517139	643d7600
51c6f58d	8db6a0c4	51c6f58d	51c6f58d	a00def84	ff800000
f778bb61	9056a220	f778bb61	f778bb61	48508a29	7f800000
23f927d9	9aafffa3	23f927ad	23f92805	80156961	c8b534a0
9a5da025	0a1ae980	9a5da025	9a5da025	80000000	cfb71fa8
a9059ac4	82b23f02	a9059ac4	a9059ac4	00000000	65bfe292
091f6797	d2d84fb7	d2d84fb7	52d84fb7	9c86b10a	80000003
ce3b389f	b67fe814	ce3b389f	ce3b389f	453b2720	573b4a1f
7784d5ef	87fac8ab	7784d5ef	7784d5ef	c002210b	ff800000
7a282de1	53b7e266	7a282de1	7a282de1	7f800000	65ea22b7
2d81429e	39b396dd	39b396de	b9b396dc	27b55b82	333841d6
400fcb6c	51e2a2d3	51e2a2d3	d1e2a2d3	527e9a15	2da26cdf
826649da	71141a7a	71141a7a	f1141a7a	b4053a83	80000000
f5e7465a	1bb9537e	f5e7465a	f5e7465a	d2276d45	ff800000
fd8fd99b	04fcf791	fd8fd99b	fd8fd99b	c30e2551	ff800000
59c7a532	a58daee3	59c7a532	59c7a532	bfdcfcc0	f3b45d4a
29b850d6	3589f5e7	3589f5e8	b589f5e6	1fc6a89c	33ab0228
501b7ffa	b543d8c1	501b7ffa	501b7ffa	c5edec49	da4b42cb
b4fdd6a2	ea0a363c	ea0a363c	6a0a363c	5f890b7a	0a6b155c
74f468ce	15f2e2d9	74f468ce	74f468ce	4b67e3a6	7f800000
ba74c631	59f94fb8	59f94fb8	d9f94fb8	d4ee60ff	9ffb5750
26da83c6	de0670f9	de0670f9	5e0670f9	c56582d0	88500b9c
1139a20d	f690f4e7	f690f4e7	7690f4e7	c852397b	80000000
2f3de0fb	ee36ce71	ee36ce71	6e36ce71	de079711	8084f3bb
b8ff7746	a8575e7e	b8ff7746	b8ff7746	21d6eb77	5017d4a7
366a70fb	9e0bfb1d	366a70fb	366a70fb	95003150	d7d66027
d0e0584d	b944acc2	d0e0584d	d0e0584d	4aac5b00	5712021d
b63a8ac3	f6c195bc	f6c195bc	76c195bc	6d8d0fb9	000f6afb
df7c7e20	6de259f5	6de259f5	ede259f5	ff800000	b10ec85f
7e93e430	b7cf669b	7e93e430	7e93e430	f6efa193	ff800000
d0ae71c4	1eed7982	d0ae71c4	d0ae71c4	b021d21f	f13c0d83
553860ad	15a74c6c	553860ad	553860ad	2b70fc37	7f0d1135
a6242741	a4527597	a6314e9a	a616ffe8	0b06f39a	4147ac8a
23f3de09	5abfeb40	5abfeb40	dabfeb40	3f36d2c3	08a2a59a
993838df	a87f4352	a87f4352	287f4352	0237b118	3038c10a
b130b45a	25744781	b130b459	b130b45b	97289d41	cb392ed3
0dd5da31	c719a0f5	c719a0f5	4719a0f5	958055dc	86322d4b
dd0b3582	efd3242e	efd3242e	6fd3242e	7f800000	2ca8c8fc
6c228735	30937c8f	6c228735	6c228735	5d3b456f	7b0d0de2
849efcd4	9076fe2e	9076fe2f	1076fe2d	00000000	33a4c912
82e22b18	93361f91	93361f91	13361f91	00000000	2f1ef4ac
1ac094ea	ad61b6d4	ad61b6d4	2d61b6d4	88a9cc6b	acda6c00
34493b8b	8636ab4c	34493b8b	34493b8b	800011f3	ed8d01ff
f082bb11	147d0f44	f082bb11	f082bb11	c5813aab	ff800000
ff1d5e69	e9e10a12	ff1d5e69	ff1d5e69	7f800000	54b304f8
ec1d6dba	a2918ce9	ec1d6dba	ec1d6dba	4f33039b	7f800000
9ef7bba2	8405aaba	9ef7bba2	9ef7bba2	00000000	5a6d3aea
3bfe0f25	6821e470	6821e470	e821e470	64a0aa3b	1348df21
53f98167	0e43f591	53f98167	53f98167	22befce8	7f800000
77143146	6ff083d5	77143327	77142f65	7f800000	469dbbc8
95efd484	30a279c8	30a279c8	b0a279c8	87183692	a4bcf0cb
75937e56	77e8beac	77f1f691	f7df86c7	7f800000	3d223b0a
d79bb80d	9b64736b	d79bb80d	d79bb80d	338af620	7bae7f4d
60c033c0	6b01d20f	6b01d215	eb01d209	7f800000	353d81bd
474f23ec	f7435099	f7435099	77435099	ff1e0994	8f87bff7
e800a89b	73ed4e02	73ed4e01	f3ed4e03	ff800000	b38acb69
99fb8e03	fefe763b	fefe763b	7efe763b	597a0b14	00000000
68e17033	bb51349b	68e17033	68e17033	e4b83aed	ed09ee8e
08d66105	9e7640d2	9e7640d2	1e7640d2	80000000	a9dedd3b
c5d20ca7	d3fcce64	d3fcce64	53fcce64	5a4f6dcd	3154b3fb
29b3737e	db9c8bcf	db9c8bcf	5b9c8bcf	c5db78c3	8d92ba71
2adc8087	99c1156f	2adc8087	2adc8087	85264f5c	d0922d22
a0e7070d	7a8118d6	7a8118d6	fa8118d6	dbe901ef	80000000
2fc1d2b2	61372ef3	61372ef3	e1372ef3	518ab129	0e076f3a
f364664c	2c9a5327	f364664c	f364664c	e089afba	ff800000
12a4228a	e686f7bd	e686f7bd	6686f7bd	b9ad11d5	80000000
57cd12fc	19582125	57cd12fc	57cd12fc	31ad2292	7df2e7bf
4e2e2c25	cf128ef4	cece07d6	4f3e19fd	ddc76cdf	be981e09
a70c2aa8	9630b7a8	a70c2aa8	a70c2aa8	0003060f	504b0d12
1a1e484a	338c78d1	338c78d1	b38c78d1	0e2db477	26103aa8
002e79b2	149c21e4	149c21e4	949c21e4	00000000	2a9867bd
ea7cf444	4d6749f9	ea7cf444	ea7cf444	f8648981	dc8bfd6e
522794d4	7ccee7d4	7ccee7d4	fccee7d4	7f800000	14cf584f
51928535	0e179a02	51928535	51928535	202d896f	7f800000
3103d90d	19300387	3103d90d	3103d90d	0ab54e14	573fc381
5490f5f7	ec38dd07	ec38dd07	6c38dd07	ff800000	a7c8be1e
78402134	ea0ba4d0	78402134	78402134	ff800000	cdb01c09
ba4a86e1	c71254dd	c71254dd	471254dd	41e7881f	32b127d3
b25e4bde	45816353	45816353	c5816353	b860b4f5	ac5be966
17f61792	d52c112c	d52c112c	552c112c	ada56858	82371120
e993cafe	cc7e2b0e	e993cafe	e993cafe	7692bc43	5c94dbac
e0b79dd2	0781877b	e0b79dd2	e0b79dd2	a8b9cf67	ff800000
ae5c1a5e	73dfd966	73dfd966	f3dfd966	e2c075e2	800003ef
5e6a7a6e	03731b88	5e6a7a6e	5e6a7a6e	225eab6e	7f800000
05662274	7f131d86	7f131d86	ff131d86	45044053	00000000
2504ac41	b3c20650	b3c20650	33c20650	99491b9e	b0af0d1d
7c6b9af0	9014edc1	7c6b9af0	7c6b9af0	cd091063	ff800000
f6212d76	ed7e1208	f6212db6	f6212d36	7f800000	482266d3
436e2f7f	00182bb1	436e2f7f	436e2f7f	0333e8d5	7f800000
8bdd2220	a88ddbef	a88ddbef	288ddbef	00000001	22c78786
7b822ea4	3736c11a	7b822ea4	7b822ea4	7339deb6	7f800000
e6837f43	f053256e	f053257e	7053255e	7f800000	359f6e59
a8802d2f	c50c4e4c	c50c4e4c	450c4e4c	2e0c7fd3	22e9de75
ba75c83f	77a5237f	77a5237f	f7a5237f	f29e8c25	823e81e0
dde75b93	c1883f3d	dde75b93	dde75b93	5ff6439a	5bd95a88
5a15a889	efa6cee9	efa6cee9	6fa6cee9	ff800000	a9e5ae1c
52963cd1	8af3c115	52963cd1	52963cd1	9e0f0d0b	ff800000
d3bf4d34	7ab1fc47	7ab1fc47	fab1fc47	ff800000	98899390
1f49efd0	ac387b66	ac387b66	2c387b66	8c1185b4	b28c1c57
94a362ca	8774163b	94a362ca	94a362ca	00000000	4cab5c3b
80f69a5b	92bf5b29	92bf5b29	12bf5b29	00000000	2da4f486
456696de	705843e9	705843e9	f05843e9	7642cc77	14887a59
5cba8c98	39eb560e	5cba8c98	5cba8c98	572b7dc5	624aede5
cb92ad01	59b19fe6	59b19fe6	d9b19fe6	e5cb8a76	b1536531
6c2cfa9d	5f36464b	6c2cfa9d	6c2cfa9d	7f800000	4c72f1cd
66db7de6	a0b30300	66db7de6	66db7de6	c8197b9a	ff800000
c30ce549	5f846c42	5f846c42	df846c42	e311c39d	a3083095
1213c76c	5ca055cf	5ca055cf	dca055cf	2f391c58	00000001
b0519f5f	6b32aa5c	6b32aa5c	eb32aa5c	dc124c4f	84962da9
b45a47b9	0bfb0815	b45a47b9	b45a47b9	80d60b37	e7de99b2
3929426b	f386cafb	f386cafb	7386cafb	ed323df1	8520bac8
62aca064	6d2edab9	6d2edabe	ed2edab4	7f800000	34fcbcfe
c85a2231	992db631	c85a2231	c85a2231	22140459	6ea0bb7e
584605b0	a8615594	584605b0	584605b0	c12e4d32	ef60f896
3c85c2b5	ca2ad2dc	ca2ad2dc	4a2ad2dc	c73282f2	b1c874da
823a800f	ae84228d	ae84228d	2e84228d	00000000	1334a9fb
b443ab14	dc733eee	dc733eee	5c733eee	5139eb7d	174ded85
ddae09fc	a788c5da	ddae09fc	ddae09fc	45b9f7a0	75a2e036
c66421ac	d3feda53	d3feda53	53feda53	5ae31bf7	31e5288e
74514acb	c5bd309b	74514acb	74514acb	fa9aabf5	ee0d99c0
c9a0775f	ecc5b04f	ecc5b04f	6cc5b04f	76f7d4bf	1c4fcc5b
9d83e794	71253b0b	71253b0b	f1253b0b	cf2a455d	80000000
eabedd92	9851f964	eabedd92	eabedd92	439c8cd4	7f800000
02264067	7a5412d6	7a5412d6	fa5412d6	3d09b991	00000000
17f064c1	6420e985	6420e985	e420e985	3c971a41	00000000
7f5e76d9	1ab06484	7f5e76d9	7f5e76d9	5a99490e	7f800000
69292997	a7efab95	69292997	69292997	d19e5f35	ff800000
683a142f	d6bffedc	683a142f	683a142f	ff800000	d0f81c63
11170508	30f09e0f	30f09e0f	b0f09e0f	028df1f5	1fa0ac9e
a6033b49	f6861d27	f6861d27	76861d27	5d097ff4	00000000
30250a5d	2a4c1c38	3025171f	3024fd9b	1b039673	454eff6e
e4d96472	2f6bc3d8	e4d96472	e4d96472	d4c83584	f4ec0cec
116ac2ac	4b6eb550	4b6eb550	cb6eb550	1d5ae741	057bc426
657870c1	304fa9f7	657870c1	657870c1	5649881e	74992244
e8f2d5cb	5993e4ad	e8f2d5cb	e8f2d5cb	ff800000	ced22bd0
caa6f7d5	25769a3c	caa6f7d5	caa6f7d5	b0a0d6bf	e4ad54b7
7e2affb3	4e90432b	7e2affb3	7e2affb3	7f800000	6f17b8f6
96f74882	2a00ff91	2a00ff91	aa00ff91	8179363d	ac755e9a
e3e368eb	03a4516b	e3e368eb	e3e368eb	a811f78a	ff800000
0d0493e6	0b84e896	0d1530f9	0ce7eda6	00000000	40ff5ce1
da4ab187	213a5c8d	da4ab187	da4ab187	bc138e44	f88b37a6
a1ea35ab	c17d4eb5	c17d4eb5	417d4eb5	23e7bf0c	1fecb2fe
30f450b7	9d43b2d1	30f450b7	30f450b7	8ebac423	d31fcc75
3b38ad26	3c08cf10	3c36fa5a	bbb5478d	37c562b7	3eacc912
c3346902	cfbd33e5	cfbd33e5	4fbd33e5	53855619	32f41a72
73b27013	72adedcd	73ddeb86	7386f4a0	7f800000	40835178
3c44c78a	dbd6f65c	dbd6f65c	5bd6f65c	d8a53c2c	9fea588c
58c4c703	90ded460	58c4c703	58c4c703	aa2b47d3	ff800000
438222eb	b0016d9d	438222eb	438222eb	b40396a2	d300b34e
96e108dd	fa6f21fa	fa6f21fa	7a6f21fa	51d23524	00000000
abdd0520	abc3e4ed	ac507506	aa490198	1829208d	3f906ae3
68af48a5	aa1bacea	68af48a5	68af48a5	d3552ec2	fe101f57
51162f2b	b7506e31	51162f2b	51162f2b	c8f48df0	d93875df
dd3638d6	2b266fdd	dd3638d6	dd3638d6	c8ecf0f5	f18c23c0
cee2ebfa	15f21ce7	cee2ebfa	cee2ebfa	a5569cb1	f86ff003
f268024e	c29a6f1c	f268024e	f268024e	758bf615	6f404bf4
aafb1206	c69ee744	c69ee744	469ee744	321bd7f0	23ca3e12
7c53c1f7	d0cbb634	7c53c1f7	7c53c1f7	ff800000	eb050e3a
0efdb716	224d3a25	224d3a25	a24d3a25	00000000	2c1e3df1
f5198d89	c20b4107	f5198d89	f5198d89	77a70db5	728d24ae
cc1dc407	b8f369c0	cc1dc407	cc1dc407	4596023e	52a5ec7f
a21f365f	cab97195	cab97195	4ab97195	2d66a9dd	16dbc9d5
92796e1e	f50501b3	f50501b3	750501b3	480197dd	00000000
d29cac24	951cc3f4	d29cac24	d29cac24	283fe1a5	7cffd91d
fa5d350d	c54a7235	fa5d350d	fa5d350d	7f800000	748bdcae
7a9e217a	27e2e637	7a9e217a	7a9e217a	630c27c2	7f800000
94bc93b7	ac44c157	ac44c157	2c44c157	0190ef84	27f55bf7
431766ab	a8b8aed0	431766ab	431766ab	ac5a725b	d9d1ddb7
cd73c956	bcba901b	cd73c956	cd73c956	4ab1a983	502742c6
f53c89de	55d6f415	f53c89de	f53c89de	ff800000	dee08a81
67197d16	48a2127b	67197d16	67197d16	70425879	5df2711f
8336c184	323a629f	323a629f	b23a629f	80000004	907b03e0
b2072f2d	b23c112f	b2a1a02e	31538808	24c69f70	3f3803d8
09efd7ec	80dd64a4	09efd7b5	09efd823	80000000	c88aaacc
604787a2	d24132c6	604787a2	604787a2	f31694d4	cd8431df
76dbd5cb	96ba83df	76dbd5cb	76dbd5cb	ce202a93	ff800000
82dee96c	1b4bfe2a	1b4bfe2a	9b4bfe2a	80000000	a70bdf04
82762ec3	9cff1bed	9cff1bed	1cff1bed	00000000	24f70adb
aa1a8cb5	1b73ff37	aa1a8cb5	aa1a8cb5	86134da3	ce222709
1cd61bfc	f84dcdf3	f84dcdf3	784dcdf3	d5ac20a8	80000000
967071d8	81033613	967071d8	967071d8	00000000	54ea8f64
d9395355	a0f2b968	d9395355	d9395355	3aafb6ff	77c3763c
afcf76fd	c3bfdab1	c3bfdab1	43bfdab1	341b7b02	2b8a6a39
00457bde	d7040153	d7040153	57040153	978f50ea	80000000
1c3cb30d	c12f919e	c12f919e	412f919e	9e0169bc	9a8992af
618f0495	60adc882	61ba76b6	614724e9	7f800000	4052adfa
35ab1d36	446b8eb7	446b8eb7	c46b8eb7	3a9d7335	30b9f6c9
61126da6	5df7e0ee	61145d68	61107de4	7f800000	429739cf
17859183	5c801a7d	5c801a7d	dc801a7d	3485ad27	00000857
4478c37f	7428fe28	7428fe28	f428fe28	79243744	0fbc6bb6
e69d3edb	e2419187	e69d9fa4	e69cde12	7f800000	43cff63c
0dab3fcc	ddb65f64	ddb65f64	5db65f64	abf3fe55	80000000
c852982a	c46784f8	c8537faf	c851b0a5	4d3e74b0	4368dcc6
37404faa	7be564a5	7be564a5	fbe564a5	73ac52de	00000d6a
73d79ffb	da26375b	73d79ffb	73d79ffb	ff800000	d9260c78
51d07274	93b73ed5	51d07274	51d07274	a61534fa	fd919a91
5fb7b73e	5d96e99c	5fc125d8	5fae48a4	7dd89a08	419bd2a6
e6b9f303	4a42ddb7	e6b9f303	e6b9f303	f18d8b34	dbf44929
980cff43	a3eb4ca4	a3eb4ca5	23eb4ca3	00008199	339966c4
8c6ba033	5753db35	5753db35	d753db35	a442fecd	80000001
6ff9f767	dc4271ab	6ff9f767	6ff9f767	ff800000	d3248cb8
26ed5f67	133153c3	26ed5f67	26ed5f67	00000a47	532b57b4
7e1ae1c8	34da3b67	7e1ae1c8	7e1ae1c8	73840835	7f800000
88e7853f	cad7aaad	cad7aaad	4ad7aaad	14430b43	000225a3
0f4c05ed	46a3ff73	46a3ff73	c6a3ff73	1682b35b	081f3d5b
2a199860	0d0591e0	2a199860	2a199860	00000028	5c9330ba
f3f6456b	9b0a926d	f3f6456b	f3f6456b	4f854e48	7f800000
eb59f308	30122c15	eb59f308	eb59f308	dbf8e444	fabeda91
564142f6	d5b3a317	55cee2d5	568d8a41	ec879cf1	c009b546
34e6b214	8ef17b2a	34e6b214	34e6b214	84599ca2	e57490e8
79b4ce0b	401000d9	79b4ce0b	79b4ce0b	7a4b68ff	7920b634
f8b1bd1b	7e01efba	7e01d982	fe0205f2	ff800000	ba2f1702
fdf2de4b	ff238b81	ff41e74a	7f052fb8	7f800000	3e3e154d
498155e7	291802ee	498155e7	498155e7	331998f8	5fd9cfd9
35e281d6	ee4e93f3	ee4e93f3	6e4e93f3	e4b6c762	870c593c
b8b048af	3ba8d8a6	3ba61783	bbab99c9	b4e889c5	bc85a36c
44bb1192	9008314a	44bb1192	44bb1192	95470ab4	f42fd0d1
4dcd8389	caf2a9ea	4dc9b8e1	4dd14e31	d942cebf	c258cef4
56fae1e2	be48772d	56fae1e2	56fae1e2	d5c47544	d820311c
70780369	bb537252	70780369	70780369	ec4cd991	f49622c6
b920c023	d7713364	d7713364	57713364	51177526	212a9d17
c63e4573	a6b2189a	c63e4573	c63e4573	2d845e93	5f08c01f
ed51286f	6b0a88d5	ed487fe2	ed59d0fc	ff800000	c1c140c9
8451f945	4a0ad33c	4a0ad33c	ca0ad33c	8ee3bb42	80000306
fb188372	26ccf74d	fb188372	fb188372	e2743827	ff800000
1287545c	12ed5965	133a56e0	924c0a12	00000000	3f11f6b3
92be501e	d733324b	d733324b	5733324b	2a853768	000010fe
03a6e1ed	70dc2bb8	70dc2bb8	f0dc2bb8	350f86a8	00000000
31fd9bb0	cf17f2b9	cf17f2b9	4f17f2b9	c1968749	a255a33e
33c04a2c	4f9c687c	4f9c687c	cf9c687c	43eaf75c	239d5d4f
7c8fe17a	7202929f	7c8fe17e	7c8fe176	7f800000	4a0d0bbb
12a7809d	893a979e	12a78086	12a780b4	80000000	c8e5cf27
8ed20ff9	80b87a33	8ed20ff9	8ed20ff9	00000000	4d91c093
a6076b12	9aaff47f	a6076b13	a6076b11	013a270d	4ac505b5
299f728e	b04f771c	b04f7220	304f7c18	9a8137d1	b8c4bfb5
9e8915cc	fd6b42ce	fd6b42ce	7d6b42ce	5c7bf590	00000000
2b25e5c5	0468d7d3	2b25e5c5	2b25e5c5	00000000	66366584
6647aa48	a7063fde	6647aa48	6647aa48	cdd169e3	febe5ed9
7944ee94	d8e84e7b	7944ee94	7944ee94	ff800000	dfd90478
a5369f84	44a8f9b3	44a8f9b3	c4a8f9b3	aa71159f	a00a5697
0b923464	dbd6c2c4	dbd6c2c4	5bd6c2c4	a7f54e0e	80000000
eff0fd23	b7ed0e0e	eff0fd23	eff0fd23	685f2794	77821fc9
0e901de8	5cc8c975	5cc8c975	dcc8c975	2be2118d	00000000
636649a0	7a2b141d	7a2b141d	fa2b141d	7f800000	28ac4cc3
d461186d	af57e97b	d461186d	d461186d	443dd8cf	648571b8
8fc4c9b2	6057c93a	6057c93a	e057c93a	b0a5e013	80000000
8dfeeb3a	c716beab	c716beab	4716beab	15961bb1	065874bb
d4d58713	0291aa21	d4d58713	d4d58713	97f2fed2	ff800000
76797f36	c9c05a56	76797f36	76797f36	ff800000	ec2606b1
5a226bd2	5e6df241	5e6e94ad	de6d4fd5	7916f785	3b2ebe9b
19c436e7	82b3ed8f	19c436e7	19c436e7	80000000	d68b960e
f6d9eac6	407540fb	f6d9eac6	f6d9eac6	f7d0c500	f5e37728
8dc4ca01	e828ce5a	e828ce5a	6828ce5a	3681c330	00000000
92883c7a	1f08d05b	1f08d05b	9f08d05b	80000000	b2feeb4c
44f6d688	c13b4776	44f55ff9	44f84d17	c6b4939d	c328b4f1
12b962c8	6cc7a7cc	6cc7a7cc	ecc7a7cc	4010954d	00000000
bf108c71	c1fb42a9	c1ffc70d	41f6be45	418ddf56	3c934678
9d47106d	d37ad771	d37ad771	537ad771	31430d91	094b2867
d8300b91	3226f5c1	d8300b91	d8300b91	cae5a100	e586f716
f9222ac8	a69e9eb3	f9222ac8	f9222ac8	6048f5de	7f800000
e15a854b	e76d340f	e76d41b7	676d2667	7f800000	396bd63c
312a3cbb	0692bd29	312a3cbb	312a3cbb	00000062	6a147f5e
bf2b7b05	d990a1d1	d990a1d1	5990a1d1	5941c32e	2517c2d0
9cfe6717	2ed16e72	2ed16e72	aed16e72	8c501feb	ad9b7c48
4e84c8a5	4852aba9	4e84cf3a	4e84c210	575a8b42	45a15ac2
9bc9475d	5f57dc92	5f57dc92	df57dc92	bba9b85b	80003bad
7ef3d400	463dcf39	7ef3d400	7ef3d400	7f800000	78246d95
064bcdf2	07445a0e	07774d8a	87116692	00000000	3e84dbbd
acd773a8	f33dc743	f33dc743	733dc743	609fb816	00000123
75e9dfeb	13071642	75e9dfeb	75e9dfeb	4976d2d5	7f800000
d3f92f7e	4deb5e36	d3f920c8	d3f93e34	e2651a4d	c58783ad
4b28a92c	b93dd76d	4b28a92c	4b28a92c	c4fa25a7	d1637020
56ce1cef	2ce655c6	56ce1cef	56ce1cef	4439730e	6965143c
d8fd8ed8	09b4e6a8	d8fd8ed8	d8fd8ed8	a3332ce5	ff800000
eb7a4982	3d303f48	eb7a4982	eb7a4982	e92c5068	edb5c58f
f8458535	505c412e	f8458535	f8458535	ff800000	e765937f
c09875d5	65b50d72	65b50d72	e5b50d72	e6d7a6a3	9a579267
92d0dbb3	ee1fb7dd	ee1fb7dd	6e1fb7dd	41824e76	00000000
a9876e05	71a9ec6d	71a9ec6d	f1a9ec6d	dbb3c969	8000001a
0cba581a	b550a1d2	b550a1d2	3550a1d2	8297dd5f	96e4a6da
ec3f3063	3737b5b3	ec3f3063	ec3f3063	e409334a	f4853610
da260429	0d4cc6f6	da260429	da260429	a804cc57	ff800000
9934021c	f964a052	f964a052	7964a052	5320c29c	00000000
1355a2e6	cb16eeab	cb16eeab	4b16eeab	9efbe93e	87b52d4b
2db8047b	dd9663e2	dd9663e2	5d9663e2	cbd834d9	8f9c9ef2
a51f4e43	832d312a	a51f4e43	a51f4e43	00000000	616b7966
21293e1b	caddbe9f	caddbe9f	4addbe9f	ac9298a3	95c3632d
a4b74c81	5ba88fb4	5ba88fb4	dba88fb4	c0f16233	888b30f1
9ca8a87c	538e4499	538e4499	d38e4499	b0bb754d	8897be58
59785331	b2132a71	59785331	59785331	cc0ec0f0	e6d7fc26
31155ff6	1d629d2d	31155ff6	31155ff6	0f043a6d	5328beb5
348bc28f	df98f8fa	df98f8fa	5f98f8fa	d4a706e4	9469e384
960b2d50	b4ecdc4e	b4ecdc4e	34ecdc4e	0b80c58b	20966c54
a1bbf324	9e8eae8a	a1be2dde	a1b9b86a	00d18205	42a89c26
e1ae5d30	0b402c34	e1ae5d30	e1ae5d30	ad82e3ff	ff800000
b08b7f5f	6710b594	6710b594	e710b594	d81db52e	88f6c7b4
3f0fb408	0662f7f1	3f0fb408	3f0fb408	05fed03a	78221594
2cf4d340	c2f96b4a	c2f96b4a	42f96b4a	b06e8814	a97b48ee
a57ffe1f	6152a009	6152a009	e152a009	c7529e7d	839b920d
79e15964	9e17faa1	79e15964	79e15964	d885c859	ff800000
af7e8c39	1064865d	af7e8c39	af7e8c39	80719d3e	de8e9367
776dd115	e38152bb	776dd115	776dd115	ff800000	d36b622e
3ba647d2	09ce47e9	3ba647d2	3ba647d2	0605fc80	714e5bc8
2e1c16a9	49fe392d	49fe392d	c9fe392d	389b0158	239d2dea
a3b46491	c0b51353	c0b51353	40b51353	24ff3171	227f08ef
e4bd0ec9	aaa7340a	e4bd0ec9	e4bd0ec9	4ff6f627	7990bafa
bc8bf1e6	dc68129e	dc68129e	5c68129e	597dbacc	1f9a5fa3
e632e738	524e7d87	e632e738	e632e738	f9104dc8	d35dcc61
769b8ddb	04e97f3b	769b8ddb	769b8ddb	3c0de16c	7f800000
0102bee3	90c1d3ff	90c1d3ff	10c1d3ff	80000000	afacaef0
c6a212f6	6b2569d8	6b2569d8	eb2569d8	f2517276	9afad4f4
3610cf46	a417c462	3610cf46	3610cf46	9aabb2b1	d17443a2
bffd4e6b	13d49bee	bffd4e6b	bffd4e6b	94525f3b	eb988063
4e473c14	2b836a58	4e473c14	4e473c14	3a4c8d03	62420e83
dc1ae844	0843b2c9	dc1ae844	dc1ae844	a4ecd636	ff800000
51b4ebd9	3804ecdc	51b4ebd9	51b4ebd9	4a3be202	592e37b9
d2272c92	5fdcebca	5fdcebca	dfdcebca	f2904447	b1c1b806
6bdde6c9	8e821c83	6bdde6c9	6bdde6c9	bae18fd2	ff800000
32b65219	d4d6eb43	d4d6eb43	54d6eb43	c819102e	9d592bb0
d268f470	19ba7d42	d268f470	d268f470	aca9b395	f81fe474
96d6b872	62837c7d	62837c7d	e2837c7d	b9dc9199	80000000
77179ead	847eedeb	77179ead	77179ead	bc16fc59	ff800000
7342463f	01b8c467	7342463f	7342463f	358c3789	7f800000
7b96b44d	e9ae8fd6	7b96b44d	7b96b44d	ff800000	d15d0320
2e250d9c	0002275b	2e250d9c	2e250d9c	00000000	70194592
4980fe4a	878e4b4d	4980fe4a	4980fe4a	918f65fd	ff800000
85072f90	07708891	07681598	8778fb8a	80000000	bd0fe0dd
3a905d48	366fa208	3a90d519	3a8fe577	31872276	439a397c
02c6c8f3	eed2aa27	eed2aa27	6ed2aa27	b22394f7	80000000
a8f592a2	7644c268	7644c268	f644c268	dfbcbec1	80000000
2355a9b1	38116702	38116702	b8116702	1bf2b62c	2abc173d
866825db	f81f028f	f81f028f	781f028f	3f1031d5	00000000
2c728b68	5bebff41	5bebff41	dbebff41	48df97cf	10038d1c
04fc4798	26eec598	26eec598	a6eec598	00000000	1d873dc1
aef42b89	54c671d2	54c671d2	d4c671d2	c43d463b	999d7e60
307c6935	a1758d82	307c6935	307c6935	92721c36	ce839333
e48dba77	017f81e1	e48dba77	e48dba77	a68d74a4	ff800000
531bc6f5	05d038dc	531bc6f5	531bc6f5	197d6881	7f800000
8947f9c7	854fd6d8	8948c99e	894729f0	00000000	43765077
0cbe7c43	8407dcd8	0cbe7bff	0cbe7c87	80000000	c833762b
320540f0	0faa2f6c	320540f0	320540f0	02312b9d	61c87228
0ef9e308	8a0a4b3e	0ef99de2	0efa282e	80000000	c4674958
cc730977	8c77174c	cc730977	cc730977	196a9440	7f7bccc0
903c7827	76c44762	76c44762	f6c44762	c790808b	80000000
367861d7	160eb625	367861d7	367861d7	0d0a76ff	5fdec70e
74bcf807	c766608e	74bcf807	74bcf807	fcaa0e1c	ecd1fc78
00ae81b5	06443bd2	064451a2	86442602	00000000	39e3a7da
d1d40bfb	ad74a3bc	d1d40bfb	d1d40bfb	3fcaa30b	63dde4c9
7df28809	59e6748e	7df28809	7df28809	7f800000	6386b514
74ad0ab2	27437f71	74ad0ab2	74ad0ab2	5c84254a	7f800000
d53dc605	ab3a0b0f	d53dc605	d53dc605	4109ea12	69829106
2b63cafd	515f78d2	515f78d2	d15f78d2	3d46d954	19827997
48b31a69	e8b04484	e8b04484	68b04484	f1f6a42f	9f820f1f
d1fc5cf9	0c5ff3e1	d1fc5cf9	d1fc5cf9	9edcc567	ff800000
edf1a525	0def8bca	edf1a525	edf1a525	bc621d21	ff800000
08370c2f	3c226356	3c226356	bc226356	04e8397a	0b9048db
11db49c4	9a0f2877	9a0f2809	1a0f28e5	80000000	b74411b5
fc62de21	ec248a0b	fc62de21	fc62de21	7f800000	4fb07cb8
b54f1639	fe7f6887	fe7f6887	7e7f6887	744e9bb1	00000006
34a3c861	abe34553	34a3c828	34a3c89a	a1116708	c8387c87
b24d0a08	af7eaff4	b25104c8	b2490f48	224bfce1	424e1892
cb659d93	8fc7b677	cb659d93	cb659d93	1bb32126	7b132a51
6dd7ebbc	84641afb	6dd7ebbc	6dd7ebbc	b2c064b5	ff800000
11ded861	9fd97a92	9fd97a92	1fd97a92	80000000	b1832893
c51dfad7	35edff9e	c51dfad7	c51dfad7	bb92def7	cea9edd1
fe1c1567	83646cec	fe1c1567	fe1c1567	420b4579	7f800000
367b130e	e431e35c	e431e35c	6431e35c	db2e7729	91b4a955
028cb1e6	968866a8	968866a8	168866a8	80000000	ab84078a
0a4f2259	50617cf5	50617cf5	d0617cf5	1b36724b	000001d6
8ce9f0ec	07cbde32	8ce9bdf4	8cea23e4	80000000	c492e1b4
f6901485	51e13846	f6901485	f6901485	ff800000	e423c56d
d65c859d	b601fc37	d65c859d	d65c859d	4cdff12e	5fd9276b
f8224fcc	75f4d32d	f81aa933	f829f665	ff800000	c1a9b870
71eed21e	d652048c	71eed21e	71eed21e	ff800000	db118dfd
b14f2f10	4a1692f8	4a1692f8	ca1692f8	bbf3b90a	a6b01f70
252d78a0	59bc68c7	59bc68c7	d9bc68c7	3f7f572b	0aebb3f5
75082e0f	43ff4239	75082e0f	75082e0f	7987c91b	7088934e
464bf225	8c9b9030	464bf225	464bf225	9377dcf6	f927cf5f
3e3a23c8	e5658198	e5658198	65658198	e426e03c	984fa09d
a3d45c3e	173e3c33	a3d45c3e	a3d45c3e	80002774	cc0ee30f
19de6596	08b33fd5	19de6596	19de6596	00000000	509ecfa7
77b128a8	19396ded	77b128a8	77b128a8	51805274	7f800000
7543e99f	716a6d68	7544d40c	7542ff32	7f800000	4355f0e4
5df3d498	1b72ab8d	5df3d498	5df3d498	39e7225d	7f800000
e041313d	55e3bbdb	e0413136	e0413144	f6abdc6d	c9d92bd8
49c061b7	a2872e47	49c061b7	49c061b7	accb2c9d	e6b62995
fb524107	078e6f0a	fb524107	fb524107	c369f689	ff800000
e1919033	eeb9d91a	eeb9d91a	6eb9d91a	7f800000	3248824b
585b9295	ae2d3e97	585b9295	585b9295	c71497be	e9a23aa4
e6332524	e67eb352	e6d8ec3b	65971c5c	7f800000	3f340f22
05abda55	3ba66bed	3ba66bed	bba66bed	01df700d	09842d68
6c51896d	8d79e069	6c51896d	6c51896d	ba4c8659	ff800000
ce6a0aeb	954c0a12	ce6a0aeb	ce6a0aeb	243a89e8	7892d26d
b8d878af	7a47e89f	7a47e89f	fa47e89f	f3a90a84	800454d7
bbfc59f8	63b58d3f	63b58d3f	e3b58d3f	e032f6d8	97b1ea88
8bb3ffbd	55771a0b	55771a0b	d5771a0b	a1adbe0f	80000003
a3eb7094	acf90f86	acf90fc1	2cf90f4b	11650ec7	3671ffe7
a65e5dda	99378bf3	a65e5dda	a65e5dda	004fb753	4c9b1266
6b45ee79	8cf23551	6b45ee79	6b45ee79	b8bb44a7	ff800000
e6710931	c60ec25b	e6710931	e6710931	6d066a18	5fd81dc8
05258c03	f8842306	f8842306	78842306	be2ae5af	80000000
a5624455	e22e3881	e22e3881	622e3881	4819fc63	02a63d05
80f180c1	b6386583	b6386583	36386583	0000002b	0a27a40a
7e96b317	53fb2e97	7e96b317	7e96b317	7f800000	6a199717
ea29b861	0402e376	ea29b861	ea29b861	aead8cdc	ff800000
6aedcf55	e9d7363f	6ab801c5	6b11ce72	ff800000	c08d70c1
95d67112	629c5ebf	629c5ebf	e29c5ebf	b902fc44	80000000
a8797fa8	87990dfa	a8797fa8	a8797fa8	00000000	6050a80d
50d8cab8	975549de	50d8cab8	50d8cab8	a8b49f39	f9021a39
9edf16d6	dbabe34e	dbabe34e	5babe34e	3b15ca56	02a620ce
08b468ab	5dd76ce9	5dd76ce9	ddd76ce9	2717d0a8	00000000
76bf8f83	2acfc92f	76bf8f83	76bf8f83	621b7b96	7f800000
8a752637	34d6c5ea	34d6c5ea	b4d6c5ea	80336ade	95121a81
01d556a2	57dc7697	57dc7697	d7dc7697	1a37b947	00000000
1349a494	ff027076	ff027076	7f027076	d2cd7c50	80000000
25b7fecb	c0f8d87b	c0f8d87b	40f8d87b	a732da6c	a43d4903
5bbbd394	31d36526	5bbbd394	5bbbd394	4e1b1999	69637555
70082636	950e7f61	70082636	70082636	c59791e1	ff800000
a47bdd41	d51aad4d	d51aad4d	551aad4d	3a182d99	0ed06cf0
761190a3	5789d2a0	761190a3	761190a3	7f800000	5e0730c0
b094bb9e	a1d26e1d	b094bb9e	b094bb9e	12f483c2	4e34f11d
2d7700e5	183e42f0	2d7700e5	2d7700e5	06379340	54a62c76
50c22638	c63ea8b4	50c22632	50c2263e	d790984f	ca0257de
afc7d0cc	a7b33bbb	afc7d17f	afc7d019	180be59e	478eb2eb
9ebf00a9	8ed665e6	9ebf00a9	9ebf00a9	00000000	4f64109b
1b12696e	6ec9ea55	6ec9ea55	eec9ea55	4a66f599	00000000
6f9a4c42	0089d328	6f9a4c42	6f9a4c42	30a62429	7f800000
5a5a3c6e	5e107beb	5e115627	de0fa1af	78f65742	3bc15674
6021bfcb	0d2f413c	6021bfcb	6021bfcb	2ddd76a7	7f800000
8159751f	33206f84	33206f84	b3206f84	80000001	8dad7e60
5409dc37	5a505297	5a505b35	da5049f9	6ee05ecd	3929694e
4acb3400	457366b8	4acb526d	4acb1593	50c133e5	44d5b89f
aa1eb6a0	5d4b117d	5d4b117d	dd4b117d	c7fbcb51	8c481562
47721679	0680860f	47721679	47721679	0e731405	7f800000
ac3aec7e	1bfd6012	ac3aec7e	ac3aec7e	88b901de	cfbcdc33
d9d07493	c0a0aef8	d9d07493	d9d07493	5b02d755	58a60e12
90b32bff	cb408a60	cb408a60	4b408a60	1c86c1d8	04ee39a3
0b7bb983	9ae96237	9ae96237	1ae96237	80000000	b00a0f26
5823c05a	00d91280	5823c05a	5823c05a	198ad9e2	7f800000
533d8f74	fbb92ca0	fbb92ca0	7bb92ca0	ff800000	97030825
0c322417	6685047a	6685047a	e685047a	33391fbb	00000000
03e47a21	c314fa4f	c314fa4f	4314fa4f	8784f601	80622707
d90f61fa	20b03a26	d90f61fa	d90f61fa	ba4567db	f7d049b2
a9ac50d0	e22c34c0	e22c34c0	622c34c0	4c67d39b	070014dc
c8301c5c	4baec6b2	4bad6679	cbb026eb	d47077ee	bc00fa39
fc16f70c	6f72e4d7	fc16f70c	fc16f70c	ff800000	cc1f1c5e
6960bde7	80686368	6960bde7	6960bde7	aa3748d5	ff800000
d04223a8	99f85286	d04223a8	d04223a8	2abc5120	75c82446
7590a2c2	c3a95e5c	7590a2c2	7590a2c2	f9bf6184	f15a9dcf
0b30831c	74a449b6	74a449b6	f4a449b6	40628da2	00000000
13128c5e	05032af6	13128c5e	13128c5e	00000000	4d8f0251
b6e6cc30	163eb1ee	b6e6cc30	b6e6cc30	8dabebf5	e01aeb02
5a6400a7	c25ec5fb	5a6400a7	5a6400a7	dd4668e5	d783012b
f40df260	753c9cd9	75192041	f5601971	ff800000	be40a94e
1ea93f61	d54310e6	d54310e6	554310e6	b480f673	88de1dd3
64d56411	af73e772	64d56411	64d56411	d4cb4ee8	f4dff93b
c9da5410	497c62cc	c9384554	ca2c42bb	d3d73f02	bfdd746b
5e22fc3b	2eb7ed23	5e22fc3b	5e22fc3b	4d6a3290	6ee2da5c
5f01e669	31919d62	5f01e669	5f01e669	5113c6bb	6ce45f5c
4e5a2f9e	89afbe43	4e5a2f9e	4e5a2f9e	9895c8b5	ff800000
7b13487e	a9e16e66	7b13487e	7b13487e	e581b23b	ff800000
26cf9593	6ffe1895	6ffe1895	effe1895	574e0a57	00000007
9acbce70	af626010	af626010	2f626010	0ab438b9	2ae67a48
4a89278b	dcd65fd2	dcd65fd2	5cd65fd2	e7e5b4c9	ad23c942
b936234f	73415fe0	73415fe0	f3415fe0	ed0994d5	85711fd7
92621437	dd2cb2ad	dd2cb2ad	5d2cb2ad	30188360	00000001
ec46dd9b	3c3fe5da	ec46dd9b	ec46dd9b	e91511e4	ef84a5cd
a7635166	a461a0a1	a766d7e9	a75fcae3	0c48592c	4280f583
fb4cc255	9e213a3f	fb4cc255	fb4cc255	5a00f4ce	7f800000
5d3267f0	4e3caf09	5d3267f0	5d3267f0	6c037e50	4e720e36
9cde1046	e62bb633	e62bb633	662bb633	4394f2eb	00000005
88adaa66	ab633294	ab633294	2b633294	00000001	1cc3ae81
364c486c	5d6ab2c9	5d6ab2c9	dd6ab2c9	543b48dd	185ed2ef
78a85c34	85f273c1	78a85c34	78a85c34	bf1f734a	ff800000
8ccfead8	6b0511d6	6b0511d6	eb0511d6	b85826fd	80000000
5317d968	c186c960	5317d968	5317d968	d51fe67e	d1103419
46e49da2	4da0fd65	4da100f7	cda0f9d3	550fc4cf	38b5c4a3
4f3756a6	d38dd475	d38d78ca	538e3020	e34b25c2	bb257607
35892f2b	44fa95a9	44fa95a9	c4fa95a9	3b064843	300c2621
658431d9	30b923b2	658431d9	658431d9	56bf34e9	7436ca88
ec05de81	604616b4	ec05de80	ec05de82	ff800000	cb2d0180
8aa8a986	e1895fde	e1895fde	61895fde	2cb503c4	00000000
c8a68114	87954eb2	c8a68114	c8a68114	10c2389f	7f800000
38559dfc	2ea3eb0a	38559e10	38559de8	2788c7b8	4926cf10
31d4d74f	c5c7918c	c5c7918c	45c7918c	b825ec61	ab888345
679badeb	af551d7a	679badeb	679badeb	d78199a1	f7bb01aa
4d5a8b3b	178552fa	4d5a8b3b	4d5a8b3b	2563a257	7551d10d
2dc54bd5	3ee9196a	3ee9196a	bee9196a	2d33a59b	2e58adf3
02e94ff5	608c3d57	608c3d57	e08c3d57	23ff9f43	00000000
fcd1fbd4	3ecc0bde	fcd1fbd4	fcd1fbd4	fc275e69	fd83b97c
a223759d	7d68b1df	7d68b1df	fd68b1df	e0149429	80000000
82d0a58c	046e67b8	04545306	84843e35	80000000	bde00b97
0a818020	b414fae0	b414fae0	3414fae0	8012d73f	95de8702
d382e3a5	aa463a88	d382e3a5	d382e3a5	3e4ab3fd	68a9090c
a444aad0	d4e998c2	d4e998c2	54e998c2	39b374d2	0ed7875e
d623cf20	c5399e5d	d623cf20	d623cf20	5bed8c07	5061ebc1
03e205e6	bd000b80	bd000b80	3d000b80	81621a35	8661f199
2008918f	f2c322b2	f2c322b2	72c322b2	d35032c4	80000000
b8317c52	74d2d2a0	74d2d2a0	f4d2d2a0	ed922a02	82d784e1
81c5ba2f	2c0ab0f2	2c0ab0f2	ac0ab0f2	80000000	95367c37
01b8dfc7	1a452541	1a452541	9a452541	00000000	26f010b0
fe35a257	156bcd2a	fe35a257	fe35a257	d4274d97	ff800000
3dc47c29	e3552593	e3552593	63552593	e1a39825	99ebfd06
affa977c	c6dca87f	c6dca87f	46dca87f	3757ff1e	28915d2b
cd9ff639	b15b5b5d	cd9ff639	cd9ff639	3f8910b9	5bbaaedf
4e3d6b8d	12185319	4e3d6b8d	4e3d6b8d	20e16ab0	7b9f2bf9
e224b636	c5fa2d14	e224b636	e224b636	68a0f6f2	5ba88bcf
72cd0a1a	95baec6d	72cd0a1a	72cd0a1a	c915b6b4	ff800000
e60b6d59	4a60457b	e60b6d59	e60b6d59	f0f44b0b	db1f2708
cbc5bb38	80002de8	cbc5bb38	cbc5bb38	080dd46a	7f800000
39012808	c2331d97	c2331d77	42331db7	bbb4bbd7	b6389897
d7a23ea9	79865603	79865603	f9865603	ff800000	9d9a97ab
7351c6fa	9197982a	7351c6fa	7351c6fa	c578721c	ff800000
ef63b147	36f45fa8	ef63b147	ef63b147	e6d95a0c	f7ee8674
11bc788e	6d541ad9	6d541ad9	ed541ad9	3f9c279a	00000000
20261254	c4aa87df	c4aa87df	44aa87df	a55d40a0	9af94e52
6c5f40cc	f629da30	f629da22	7629da3e	ff800000	b5a83e1e
2314277f	54d87973	54d87973	d4d87973	387a8f39	0daf3498
d3f13a88	5b67c9ca	5b67c7e8	db67cbac	efda69f6	b8053698
6ddc9020	0a8dd555	6ddc9020	6ddc9020	38f4665e	7f800000
74f56329	eb58d1ed	74f5630e	74f56344	ff800000	c910dd61
bc0aabb0	5153a52e	5153a52e	d153a52e	cde549f7	aa27bb67
9d63b34f	c01efb2e	c01efb2e	401efb2e	1e0d6814	1cb753e5
40adc02b	aec1cfc2	40adc02b	40adc02b	b0038ae2	d165808d
cca0e206	345381bc	cca0e206	cca0e206	c184ebd3	d7c2ba0b
eaddae63	c06f5eec	eaddae63	eaddae63	6bcf4801	69ed14dd
94db2200	1e2938d9	1e2938be	9e2938f4	80000000	b625c0ac
4dc20f18	a34d9dea	4dc20f18	4dc20f18	b19bddcb	e9f19c2b
3a220ce1	41024db3	4102503b	c1024b2b	3ba4f773	389f2f82
1c31c4fc	6ccfdb17	6ccfdb17	eccfdb17	4990566b	00000000
6b95eef0	0d8d65fd	6b95eef0	6b95eef0	39a5a0ab	7f800000
4b32a1e7	f496588f	f496588f	7496588f	ff800000	96181510
14456d67	15a19854	15ba4601	9588eaa7	00000000	3e1c6206
f35cd77b	9daea62a	f35cd77b	f35cd77b	5196a9ce	7f800000
b2bfeab9	0a3c7665	b2bfeab9	b2bfeab9	80023525	e802589e
1a6b56ef	d0ec2f6d	d0ec2f6d	50ec2f6d	abd91fbd	88ff1558
b7c52225	930ea62c	b7c52225	b7c52225	0b5bb1cd	6430e39c
b7c97716	197a591a	b7c97716	b7c97716	91c5046a	ddce0377
13d516eb	b3c4aa86	b3c4aa86	33c4aa86	8823b37d	9f8ab06d
7aefa5a6	b4f7886b	7aefa5a6	7aefa5a6	f067b887	ff800000
41c82a93	0f8aeab0	41c82a93	41c82a93	11d93ce8	71b86fb0
1f06e598	c52122ba	c52122ba	452122ba	a4a9d162	99565055
55bb83bb	fc774598	fc774598	7c774598	ff800000	98c22228
453a6c50	49eb40ca	49eb9e00	c9eae394	4fab509c	3acadd1c
0ffe6ae2	78fb4bc0	78fb4bc0	f8fb4bc0	4979be14	00000000
e03e145d	25cddd3f	e03e145d	e03e145d	c698da95	f9ec5f02
1e7384c7	0d667c49	1e7384c7	1e7384c7	00000000	50873ceb
b0475304	fa8a6352	fa8a6352	7a8a6352	6b57802a	00000001
09dd9096	15e32955	15e32956	95e32954	00000000	3379b15d
0660951b	6eb69c98	6eb69c98	eeb69c98	35a03361	00000000
909d97ea	55b6bd6c	55b6bd6c	d5b6bd6c	a6e0fd38	800006e6
2637bb84	62fdb05e	62fdb05e	e2fdb05e	49b612e6	02b96800
cd8b7bf1	77f07fac	77f07fac	f7f07fac	ff800000	9514797d
c162c725	ec1a4505	ec1a4505	6c1a4505	6e08a8f0	14bc294c
074cf8d0	e45921b5	e45921b5	645921b5	ac2dd9e5	80000000
4e81c281	5081564b	50897273	d0727446	5f831d81	3d806b18
9d897899	bd521665	bd521665	3d521665	1b61a1e8	1fa78397
0ea4cf48	1a51bead	1a51beae	9a51beac	00000000	33c927c1
c5dc6e69	34dffb5c	c5dc6e69	c5dc6e69	bb40dc9d	d07bf11e
4df93dc4	c597209b	4df93d2d	4df93e5b	d413232d	c7d3196d
fbc00468	909f3162	fbc00468	fbc00468	4ceecf8e	7f800000
fa93c936	d70dd899	fa93c936	fa93c936	7f800000	63055c2e
ea9c95bf	49eb9141	ea9c95bf	ea9c95bf	f510164f	e02a2ab2
ec95a6da	7ec85954	7ec85954	fec85954	ff800000	ad3f387c
748df67b	417074af	748df67b	748df67b	768557c8	729723d5
f1079d10	1a1f9372	f1079d10	f1079d10	cba91151	ff800000
6d04c3e1	4f9f6c78	6d04c3e1	6d04c3e1	7d255bd3	5cd5312f
a27e6bad	dbcfa322	dbcfa322	5bcfa322	3ece5b31	061cd70f
5fb5f67c	f86c7b2d	f86c7b2d	786c7b2d	ff800000	a6c4fb57
c922220c	48825371	c8c1f0a7	c9634bc4	d2251445	c01f3d49
4a3d4883	c0255bd8	4a3d4879	4a3d488d	caf4874a	c99284f3
bb2a25c7	9b8e00dc	bb2a25c7	bb2a25c7	173cc30d	5f195e6c
674373ff	5f4a3cf3	674374c9	67437335	7f800000	4777694e
d931b8c3	d45a6ef1	d931ef5f	d9318227	6e17a45b	44504964
ef33b34e	37acce80	ef33b34e	ef33b34e	e7729ad9	f7051b36
0cccb983	c103bdfe	c103bdfe	4103bdfe	8e52b5bc	8b46e8d0
a47b3bea	2fb7e01d	2fb7e01b	afb7e01f	94b473c5	b42ee3d0
8859e6d2	53910221	53910221	d3910221	9c76db1a	80000000
dfb45ca3	5d798146	dfac9099	dfbc28ad	fdafc92f	c1b90e96
68414d02	e39d2032	6840fe72	68419b92	ff800000	c41d782c
c75102e7	4209567b	c750e091	c751253d	c9e04252	c4c2cce2
a70fdb20	e3c19d55	e3c19d55	63c19d55	4b599939	02be355c
8550270d	e982cfed	e982cfed	6982cfed	2f54b9ca	00000000
090d9e70	e50326c7	e50326c7	650326c7	ae911b0e	80000000
5448b134	2b3cf5cd	5448b134	5448b134	401422d4	6887f27b
2e33b4a8	b3adb639	b3ad9fc2	33adccb0	a273e200	ba046aa7
a203a68a	3293d9f7	3293d9f7	b293d9f7	95181171	aee3f2de
6cec5882	9ac9fb4f	6cec5882	6cec5882	c83a7982	ff800000
332aa9ea	7f7d3a2f	7f7d3a2f	ff7d3a2f	7328d0b6	00000000
90693177	c936977c	c936977c	4936977c	1a265328	06a378f8
6ee5b6be	70efb724	70fe1290	f0e15bb8	7f800000	3d7551aa
08076d77	5d691a2e	5d691a2e	dd691a2e	25f6a0f6	00000000
4529d2f7	a54f19e1	4529d2f7	4529d2f7	ab0962c1	df51ebe5
cb5402bb	229b8f95	cb5402bb	cb5402bb	ae80d490	e82e72d3
cc8f8a05	28ed597d	cc8f8a05	cc8f8a05	b60514f4	e31ad172
412b6fbd	6f9d0019	6f9d0019	ef9d0019	7152472f	110bc500
ccd13625	5c5ae6cd	5c5ae6cd	dc5ae6cd	e9b2e4ba	aff4aaef
5702b4a2	d4535436	56fecea2	570601f3	ebd7cbc1	c21e5598
0ddb47f1	86eb50ec	0ddb4444	0ddb4b9e	80000000	c66e8e33
69cb8d90	c302f0ac	69cb8d90	69cb8d90	ed503a81	e646fb7f
d88ce2fa	b0807b3b	d88ce2fa	d88ce2fa	498d6a9d	678c5bd9
241d4ee2	3884b9b4	3884b9b4	b884b9b4	1d231d92	2b17b520
32776583	45ae7707	45ae7707	c5ae7707	38a89a06	2c358202
3565f9ef	7827786b	7827786b	f827786b	6e167238	0000afc6
57b173eb	f34fb50e	f34fb50e	734fb50e	ff800000	a3dab617
ca254b17	5babee65	5babee65	dbabee65	e65e062b	adf61dca
e5f34a86	2fafd38e	e5f34a86	e5f34a86	d62718ff	f5b11d1b
eae525eb	1a39c19e	eae525eb	eae525eb	c5a645b6	ff800000
c6868b84	20915d9c	c6868b84	c6868b84	a798cc71	e56cf1a7
328412fe	6229414d	6229414d	e229414d	552ea474	0fc7c377
2378ed35	b1a8a106	b1a8a106	31a8a106	95a3f83e	b13cf36f
7cc06ede	f62636e5	7cc069ac	7cc07410	ff800000	c61430d2
17a3fbfc	229aea23	229aea26	a29aea20	00000c67	34877e74
da9040e5	c29dcd11	da9040e5	da9040e5	5db1d6b4	576a0599
add474f4	55e489dd	55e489dd	d5e489dd	c43daa93	976dfc66
ca52b937	1702fe86	ca52b937	ca52b937	a1d7a720	f2cde826
d5de252a	bc21c012	d5de252a	d5de252a	528c5c0b	592fcb09
6e20c4b1	61e448ed	6e20c4b1	6e20c4b1	7f800000	4bb4495b
e7fa686c	34960e8c	e7fa686c	e7fa686c	dd12c76a	f2d599ba
6e9545b1	8d96c312	6e9545b1	6e9545b1	bcafd129	ff800000
1a06fb72	17c217cd	1a0d0c30	1a00eab4	00000000	41b20919
c4ea184e	d1017738	d1017738	51017738	566cc688	336771d9
23a6b5ab	73fcf97e	73fcf97e	f3fcf97e	5824bd4d	00000000
c06ce0df	7bed244e	7bed244e	fbed244e	fcdb6dc6	83ffb734
3d3070f0	6d8bdda9	6d8bdda9	ed8bdda9	6b40cc31	0f2178ec
1d3d1b33	b9daad93	b9daad93	39daad93	97a18961	a2dd6195
19f2fb59	ccb058ab	ccb058ab	4cb058ab	a72760f6	8cb05df2
db1d0f95	5bb96272	5b55b54f	dc03f51e	f7637951	bed8e330
c2ef7602	5fdbb695	5fdbb695	dfdbb695	e34d84bd	a28b812e
394f084f	98407efc	394f084f	394f084f	921baced	e089aa7d
28c3549e	1737c241	28c3549e	28c3549e	008c35b5	51080f7b
21c15a12	6713ebb2	6713ebb2	e713ebb2	495f7179	0000053b
1512d42d	a22228f0	a22228f0	222228f0	8000002f	b267cc06
a643f69f	e8f648ee	e8f648ee	68f648ee	4fbc86d0	0000cbb2
450d048a	1df8a22b	450d048a	450d048a	2388f5ba	66913221
1942f128	7a7ba25f	7a7ba25f	fa7ba25f	543f9e17	00000000
745437ca	3c929528	745437ca	745437ca	717306ee	77395086
30894d00	9fbe1541	30894d00	30894d00	90cbe518	d038e9f8
ac7db62b	fd75f593	fd75f593	7d75f593	6a73c2b8	00000000
e997afe6	ab298794	e997afe6	e997afe6	5548e6e9	7de50e87
7a77ed53	5b67b7c2	7a77ed53	7a77ed53	7f800000	5e88f434
de3b5200	c4872abc	de3b5200	de3b5200	6345cf06	59316358
f993fdec	da436946	f993fdec	f993fdec	7f800000	5ec1e0bf
b11099f9	a2ebc07c	b11099f9	b11099f9	14852a11	4d9d0559
4ecb1037	1ae3535d	4ecb1037	4ecb1037	2a345181	7364ad64
65c502c7	91592544	65c502c7	65c502c7	b7a71c08	ff800000
60cca8aa	54e5316c	60cca8ab	60cca8a9	76373a63	4b6498a1
bdf92812	35ed9b34	bdf92724	bdf92900	b4674127	c78638e2
23866580	e9df6ade	e9df6ade	69df6ade	cdea950a	80000134
3aefe15a	8c841970	3aefe15a	3aefe15a	87f79011	ede86fab
c61e861e	2beec0fd	c61e861e	c61e861e	b293d831	d9a9f986
41ce7aec	64c478f0	64c478f0	e4c478f0	671e77a8	1c86851c
b1f09743	7102b9d4	7102b9d4	f102b9d4	e375b6e9	8075c97b
a9aabf1a	44f1a752	44f1a752	c4f1a752	af212d81	a434e220
f0141e58	591560fd	f0141e58	f0141e58	ff800000	d67dd710
53e211ba	2a3f946b	53e211ba	53e211ba	3ea92e4b	69170b1e
6476394e	ae25cb84	6476394e	6476394e	d31f76ae	f5be1819
7d8457aa	0b089fb0	7d8457aa	7d8457aa	490d423f	7f800000
6ec075ea	c4e185c4	6ec075ea	6ec075ea	f4298c33	e95a7854
500141ab	5e867cf8	5e867cf8	de867cf8	6f07cef1	30f60aa0
108d8896	be068c24	be068c24	3e068c24	8f14c5f2	9206a56a
f63e5385	e2523325	f63e5385	f63e5385	7f800000	5367cbd6
b42d6d99	c044be1a	c044be1b	4044be19	350548b2	3361a9d4
e2bcffe1	a19b9a5e	e2bcffe1	e2bcffe1	44e5c1c9	7f800000
df6fd7d8	98a7c622	df6fd7d8	df6fd7d8	389d2f6f	7f800000
d3bd0401	d070d0e8	d3bee5a3	d3bb225f	64b1cdff	42c8eef8
2c2a90e5	e47e011d	e47e011d	647e011d	d1293c81	872be7f6
1b0e905a	fa762584	fa762584	7a762584	d609139b	80000000
0058ae85	fa2dbe79	fa2dbe79	7a2dbe79	baf0bfad	80000000
ebeec488	dd9b8192	ebeec488	ebeec488	7f800000	4dc488be
483b4d81	4b3916eb	4b3c0421	cb3629b5	54076bc7	3c8187d4
a6bc457f	a894d2b5	a8a0970d	28890e5d	0fdae647	3da1edc9
4e0c5b3b	3646412d	4e0c5b3b	4e0c5b3b	44d96497	57353ce2
1bd6af77	3321700b	3321700b	b321700b	0f876250	282a3806
1fa014a8	8da5cdbf	1fa014a8	1fa014a8	80000000	d17729e9
97829355	1846749c	18052af2	9883df23	80000000	bea86ffa
0ea572fd	2179255d	2179255d	a179255d	00000000	2caa002e
5a8ccbe1	215e3862	5a8ccbe1	5a8ccbe1	3c746f9f	78a232eb
e7888811	4deb02f9	e7888811	e7888811	f5faacfb	d914b990
b6b38a03	2cce17a5	b6b389f6	b6b38a10	a41089a4	c95f043e
fe1a864c	76b8addf	fe1a84db	fe1a87bd	ff800000	c6d63339
7d99ec5f	78f99613	7d9a2ac5	7d99adf9	7f800000	441de0f8
c14e2ea8	d6502ec0	d6502ec0	56502ec0	5827ab90	2a7d8a49
fe7a97c8	5e336f32	fe7a97c8	fe7a97c8	ff800000	dfb2c2da
3546000a	3097fa94	35464c07	3545b40d	266b17a9	4426c29d
9bd1d9d9	557c1e90	557c1e90	d57c1e90	b1ceab7f	85d514bc
804e9068	d06d643a	d06d643a	506d643a	1111b4e5	00000000
748b4f97	b85de0f0	748b4f97	748b4f97	ed717c3b	fba0bc12
f11b5921	f00febbb	f13f5410	f0eebc64	7f800000	408a29c9
d2635b94	10ace0ad	d2635b94	d2635b94	a3998911	ff800000
d9da84e4	cee746a2	d9da84e8	d9da84e0	69456a34	4a71e124
f0ea4905	6cb42230	f0e994e3	f0eafd27	ff800000	c3a67ab5
d2a13de7	75619c6c	75619c6c	f5619c6c	ff800000	9cb6f5e2
a92bf440	7e329e78	7e329e78	fe329e78	e7eff48c	80000000
f2f98089	d3210299	f2f98089	f2f98089	7f800000	5f465973
ff7a4db7	37ba0e10	ff7a4db7	ff7a4db7	f7b5ea37	ff800000
6a55848d	846625eb	6a55848d	6a55848d	af3ff4b7	ff800000
175e7685	a224f89c	a224f899	2224f89f	8000047b	b4ac9b87
c57d1756	f9f10e19	f9f10e19	79f10e19	7f800000	0b066422
07068454	a6c53fd0	a6c53fd0	26c53fd0	80000000	9fae9532
30984395	c726791a	c726791a	4726791a	b84607b4	a8ea2646
4f74dd02	323ed9e6	4f74dd02	4f74dd02	42368c73	5ca43990
35851c12	fc50d515	fc50d515	7c50d515	f2592b34	800000a3
a7f8f38c	aae87330	aaec56fe	2ae48f62	13620cbb	3c89162b
218d4c15	67e50c02	67e50c02	e7e50c02	49fcd75f	0000013c
6139151a	766df7a3	766df7a3	f66df7a3	7f800000	2a471b8b
5364c68e	4b918599	5364c7b1	5364c56b	5f820bda	47493aba
daf809d8	ec1740de	ec1740de	6c1740de	7f800000	2e51e7d1
975253dd	1c50ce69	1c5099d4	9c5102fe	80000000	ba80eebd
6621da38	c763e970	6621da38	6621da38	ee101816	de35cc9f
36263481	11f50c6a	36263481	36263481	089f184f	63ada20c
0e8411bc	f5cdff16	f5cdff16	75cdff16	c4d48b99	80000000
260b769b	f3682948	f3682948	73682948	d9fcf3f3	80000000
40a52ef9	25aa6ec4	40a52ef9	40a52ef9	26dbf154	5a781d8b
d3b0acc0	79e6c6a9	79e6c6a9	f9e6c6a9	ff800000	9943fc49
ce22c49b	1d9947fc	ce22c49b	ce22c49b	ac42ea8b	f007ec0f
30e40be1	1b2c4d7b	30e40be1	30e40be1	0c997d00	5529692d
4df9c941	6ac53e5b	6ac53e5b	eac53e5b	794074b7	22a218e1
4d649079	b7894244	4d649079	4d649079	c57518f5	d555257e
4290e35d	d176d598	d176d598	5176d598	d48bb35f	b09644ab
053a112d	71302f3a	71302f3a	f1302f3a	37000e22	00000000
d76d9c69	4df6ffea	d76d9c4a	d76d9c88	e5e541d5	c8f644ea
0a835b65	f4748ce9	f4748ce9	74748ce9	bf7af6d4	80000000
04f4089b	5ee7c032	5ee7c032	dee7c032	245ceafa	00000000
80407dfd	3862aa94	3862aa94	b862aa94	800000e4	8711ad35
a7d24e10	05546455	a7d24e10	a7d24e10	80000000	e1fd7c09
0840011f	4fcd2a59	4fcd2a59	cfcd2a59	1899e0a9	0000003c
2a892d02	decaed7e	decaed7e	5ecaed7e	c9d9798c	8b2d0d44
018c103c	89031d22	89031c0a	09031e3a	80000000	b808bcb1
7910e343	384fcc9c	7910e343	7910e343	71eb3721	7f800000
01ca4a1d	a4e44109	a4e44109	24e44109	80000000	9c62e119
d1c5cdd3	e86e15d7	e86e15d7	686e15d7	7ab7f63a	28d4b00f
f06af125	bdbede1b	f06af125	f06af125	6eaf2acf	721d8ea7
655bd2b4	9b839d73	655bd2b4	655bd2b4	c162080a	ff800000
93898ff7	fb1dddbb	fb1dddbb	7b1dddbb	4f29a8e0	00000000
f2827053	af0def90	f2827053	f2827053	6210a3dc	7f800000
2924a1dc	b7472776	b7472776	37472776	a1001333	b1539fd3
7c1f6afb	eaeacf48	7c1f6afb	7c1f6afb	ff800000	d0adcdf4
ddf66b3b	f66bc130	f66bc130	766bc130	7f800000	2705ca3e
944fdc31	a0bcf55c	a0bcf55c	20bcf55c	00000002	330ccdd0
fc0f82b3	d225a55c	fc0f82b3	fc0f82b3	7f800000	695dca60
34bd06b4	c2b88332	c2b88332	42b88332	b8083db1	b1832199
da9e78d4	d8da986a	daac225b	da90cf4d	7407513e	413996b4
9915ed6e	0f56aa4c	9915ed61	9915ed7b	80000000	c932cbf3
b7af8a7c	ae6b28b0	b7af8a99	b7af8a5f	26a14006	48bf192d
4ae9cb56	206a87a3	4ae9cb56	4ae9cb56	2bd62fbc	69ff3276
79cec994	5faeaf1e	79cec994	79cec994	7f800000	59978617
77164922	447b8b9f	77164922	77164922	7c13abab	7218f274
86d976d4	250c5121	250c5121	a50c5121	80000000	a1466016
eac1ef7f	2e3f567d	eac1ef7f	eac1ef7f	d990f335	fc01bcdf
ec3270cf	089f6467	ec3270cf	ec3270cf	b55e3419	ff800000
c6d6b2ff	ba9567dd	c6d6b300	c6d6b2fe	41fa9a94	4bb7f051
229f64c8	5b070842	5b070842	db070842	3e282693	071717bc
e6a1c9f5	24329c9a	e6a1c9f5	e6a1c9f5	cb61c2c9	ff800000
c49baa73	4e62f0ed	4e62f0da	ce62f100	d389fef9	b5af9923
268ed407	586652c5	586652c5	d86652c5	3f8080ac	0d9ec039
29e6063c	af3029b1	af300cf0	2f304672	999e49bf	ba2722c3
45dfa712	c683eb17	c61802a5	46bbd4dc	cce67fc1	bed90272
89fc7bc3	87c5e03c	8a046ce3	89f01dbf	00000000	41a352f0
7a28bf12	7e38914d	7e393a0c	fe37e88e	7f800000	3b6a0e3a
b9ba9f0f	31ef7339	b9ba9e20	b9ba9ffe	ac2e8e7e	c7478518
cc283ae5	4fc94be6	4fc7fb70	cfca9c5c	dc84481e	bbd5f295
8f544944	575e899d	575e899d	d75e899d	a73889a6	8000001f
a8038b0a	150f61f8	a8038b0a	a8038b0a	80024d68	d26adc7b
7d0722a5	1e16f98e	7d0722a5	7d0722a5	5b9f6411	7f800000
71108876	2fc608d8	71108876	71108876	615f9d13	7f800000
e0a78d97	d44df12d	e0a78d97	e0a78d97	7586ca3c	4bd047a5
d795a343	3db581db	d795a343	d795a343	d5d430ab	d9530d06
389b5849	6820a6d0	6820a6d0	e820a6d0	6142f8ce	0ff78b2c
770ef2e0	c9ab218c	770ef2e0	770ef2e0	ff800000	ecd5d75c
3464764f	cd7124d2	cd7124d2	4d7124d2	c257343c	a672897b
3b8bb9bb	08ff0110	3b8bb9bb	3b8bb9bb	050b2e96	720c456b
23a255e7	526dcf06	526dcf06	d26dcf06	3696ccce	10aec0e6
3645f9e1	523563a7	523563a7	d23563a7	490c46bd	238bb46a
ddedd511	aefe7a8f	ddedd511	ddedd511	4d6c6b43	6e6f4108
2659930a	80c5ab59	2659930a	2659930a	80000000	e50ce3b2
2a4fca14	105f2e19	2a4fca14	2a4fca14	000016a5	596e5894
cd08322e	8d899ccd	cd08322e	cd08322e	1b126c8d	7efd5d6b
c0b1cbcf	11ac1082	c0b1cbcf	c0b1cbcf	92ef00cc	ee844389
283eb752	4a360f1b	4a360f1b	ca360f1b	3307a195	1d861627
55d9cd7b	cae7890e	55d9cd77	55d9cd7f	e144fd05	ca70d0f6
c85be07a	624c1b05	624c1b05	e24c1b05	eb2f4e16	a589e3ff
a8a35147	4af9802c	4af9802c	caf9802c	b41f2bd3	9d279262
28a41601	6bcbd161	6bcbd161	ebcbd161	5502a3a7	0000670c
5897e3df	94de19dd	5897e3df	5897e3df	ae03c6f4	ff800000
1c8bd9da	d6dc64a8	d6dc64a8	56dc64a8	b3f0cc68	85227203
19795a02	96ccf365	1972f267	197fc19d	80000000	c21bbae8
2dca2ed8	a9563574	2dc9c3bd	2dca99f3	97a92d60	c3f1a0c4
354299c8	57fb8279	57fb8279	d7fb8279	4dbf2ff5	1cc61335
01c836e1	1ba55b36	1ba55b36	9ba55b36	00000000	259afbb0
90ec05cc	dcb6da62	dcb6da62	5cb6da62	2e289576	00000000
5f46fcd8	569cb670	5f46fd26	5f46fc8a	76739fc5	4822878b
75cbfc27	9f69af6b	75cbfc27	75cbfc27	d5ba3446	ff800000
a9ee0c8f	38930377	38930377	b8930377	a308b46f	b0cf4301
6db44783	0b5d891d	6db44783	6db44783	399c024b	7f800000
6ce4dcb9	d5712c12	6ce4dcb9	6ce4dcb9	ff800000	d6f2eee6
966f53b6	36813384	36813384	b6813384	8d7192b0	9f6d1a15
639145cc	9f9b0e7d	639145cc	639145cc	c3affaf7	ff800000
621e7e13	62b00d92	62ff4c9c	e2419d11	7f800000	3ee67711
ec0a886a	e8d7597c	ec0c371d	ec08d9b7	7f800000	42a4aeda
ac7709f8	c5744647	c5744647	45744647	326bb952	268172d5
90f05ec4	25437571	25437571	a5437571	8000000b	ab1d6940
557a7ade	dde3d2b5	dde3d238	5de3d332	f3dee91d	b70cbac2
7af20901	fe5a10c4	fe582cb2	7e5bf4d6	ff800000	bc0e11d9
5d1cca86	0a271f1f	5d1cca86	5d1cca86	27ccb65a	7f800000
f7a1f063	f31df6f4	f7a23f5e	f7a1a168	7f800000	4403386f
9975df1a	dceb5e29	dceb5e29	5ceb5e29	36e20e3c	000042db
b093ae91	a985fe53	b093b0a9	b093ac79	1a9a98d1	468d1380
1ca5bd11	c43d7058	c43d7058	443d7058	a1754aa2	97dff8ed
aced4e9b	e38b55ae	e38b55ae	638b55ae	5101291b	08da00a0
028d5aee	e78893ec	e78893ec	678893ec	aa96d3f8	80000000
b5c7e8b3	3c5f85c2	3c5f7f83	bc5f8c01	b2ae8c27	b8e4f49a
e2024613	9db3e824	e2024613	e2024613	40371a42	7f800000
3a02a7d6	ff434d3e	ff434d3e	7f434d3e	f9c75a88	8000055a
a04af23e	a01d4228	a0b41a33	9f36c058	00f95604	3fa52ffe
119ed211	2abbfe05	2abbfe05	aabbfe05	0000e942	26584674
1c383a29	43b571f9	43b571f9	c3b571f9	20829324	1801f669
2d7ee8a7	93c55bf6	2d7ee8a7	2d7ee8a7	81c4849a	d9255316
aa425f92	9a63a759	aa425f92	aa425f92	052cd9ce	4f5a9362
34de9560	c421d940	c421d940	4421d940	b98cb8d6	b030086d
8151f022	07cae9c3	07cae333	87caf053	80000000	b9046e6f
f3607002	a7a94ce0	f3607002	f3607002	5b946d57	7f800000
6c436672	2c9cf786	6c436672	6c436672	596f9eb7	7f1f573c
4f057a48	c99570e1	4f05679a	4f058cf6	d91bd60d	c4e4a773
ccd2217d	267ae952	ccd2217d	ccd2217d	b3cdf438	e5d66472
15d5b30c	a6de3ed9	a6de3ed9	26de3ed9	8001730b	ae7627eb
cf650018	8dc56445	cf650018	cf650018	1db092c4	7f800000
ac416005	8f812a48	ac416005	ac416005	00006191	5c3fa175
f61ae4e8	996cb945	f61ae4e8	f61ae4e8	500f3b1f	7f800000
5494c281	619726b2	619726b2	e19726b2	76afaa6d	327bf327
eb66c0ab	3434c098	eb66c0ab	eb66c0ab	e022ed12	f6a36864
e90f3b51	7f78a21c	7f78a21c	ff78a21c	ff800000	a91379bc
66b21d5c	64ecb6cc	66c0e8c9	66a351ef	7f800000	4140a057
4132e51e	1fb12df7	4132e51e	4132e51e	2177a111	61013d42
2def4568	a6fef938	2def416c	2def4964	956e4fcc	c6703c01
f7217e5e	b08814b2	f7217e5e	f7217e5e	682bb060	7f800000
9c6cdfdb	4909a3ad	4909a3ad	c909a3ad	a5feb67e	92dc490a
dc1542c6	2b74116d	dc1542c6	dc1542c6	c80e4dce	f01c8ed0
bf78947b	0b1db8f6	bf78947b	bf78947b	8b1926a9	f3c9bc4f
a56047fe	7d13bd39	7d13bd39	fd13bd39	e3016f1e	80000000
c274a53b	dcbee06c	dcbee06c	5cbee06c	5fb6691a	25240e8c
084b8a7a	ec0cc751	ec0cc751	6c0cc751	b4dfdc68	80000000
7c411e5b	876eab75	7c411e5b	7c411e5b	c4340b90	ff800000
3b18f940	bf20f316	bf205a1d	3f218c0f	bac05a13	bb735056
7b52185c	71f36c2a	7b52187a	7b52183e	7f800000	48dcf35d
9e27576a	872f7794	9e27576a	9e27576a	00000000	5674251e
8fb09051	3685addd	3685addd	b685addd	86b865c8	98a9100d
a303d6e8	c69f8cc5	c69f8cc5	469f8cc5	2a2455f2	1bd389cc
5108a340	7c5dc5e9	7c5dc5e9	fc5dc5e9	7f800000	141db9b4
8e416dc8	40ed7be6	40ed7be6	c0ed7be6	8fb37040	8cd0828f
0e0d4c6e	b10c955b	b10c955b	310c955b	8026cc1e	9c80a6b0
2f7e7d4e	54f79d8f	54f79d8f	d4f79d8f	44f62787	1a038dab
ccf594a8	136bf702	ccf594a8	ccf594a8	a0e25c6b	f9053755
2ccbc328	1250e49f	2ccbc328	2ccbc328	00299122	59f9b657
29f699fa	2e14391c	2e14b469	ae13bdcf	188ec808	3b54f4b9
2b312dc8	b46071ef	b46071c3	3460721b	a01b56ea	b64a16ad
d6c1952e	d205f8f4	d6c1d82a	d6c15232	694a9d84	4438f3ee
ee90cd67	8c7fba69	ee90cd67	ee90cd67	3b90a60a	7f800000
0333653a	cd174546	cd174546	4d174546	90d40281	80000002
a033a2e3	ca9e3175	ca9e3175	4a9e3175	2b5e0279	151159b4
f87ef27d	a00779fa	f87ef27d	f87ef27d	5906eb5a	7f800000
e4905236	a7ed1d57	e4905236	e4905236	4d05aca6	7c1bd0db
22d8a942	ef45f2d8	ef45f2d8	6f45f2d8	d2a787c7	80000000
c4757099	c2f609c5	c48a18e9	c456af60	47ebe391	40ff60a0
b361e4eb	acb1a97c	b361ea78	b361df5e	209cc4d4	4622bff1
f46cfbc5	e9ecbf9d	f46cfbcc	f46cfbbe	7f800000	4a002086
3d048c92	8cedefd8	3d048c92	3d048c92	8a7664a4	ef8e9c95
db0c06ca	60088579	60086277	e008a87b	fb95593a	ba83494f
ab471e93	3f11e439	3f11e439	bf11e439	aae2f3aa	abaeb347
ba0c9398	70d1f272	70d1f272	f0d1f272	eb669342	88ab69a8
3f5c5bde	27d48b6b	3f5c5bde	3f5c5bde	27b6f416	5704b4b9
681ca8fe	530c1ecb	681ca8fe	681ca8fe	7bab7e86	548f1bf2
c5d9d869	58fd3386	58fd3386	d8fd3386	df5776b8	ac5c40d7
1123fb40	7f2bd6ff	7f2bd6ff	ff2bd6ff	50dc2516	00000000
316af0f1	7707c3ac	7707c3ac	f707c3ac	68f93145	00000376
1a4a3aef	1dbe0a0b	1dbf9e81	9dbc7595	00000096	3c083610
bace3682	7b433d77	7b433d77	fb433d77	f69d4508	8010e634
fd2e1f28	f73efa96	fd2e2b18	fd2e1338	7f800000	45696754
2d4961d2	013d4c3d	2d4961d2	2d4961d2	00000000	6b882bd4
ac677a0e	5aacf121	5aacf121	daacf121	c79c6009	912b52d6
2b871d31	8ceb5810	2b871d31	2b871d31	800000f8	de12f911
2917c3ce	306e0a66	306e0cc5	b06e0807	1a0d1e34	3823370c
21f6bf46	347857fa	347857fa	b47857fa	16ef5e18	2cfe5ab2
5a1c0246	0bf368c3	5a1c0246	5a1c0246	26945600	7f800000
fd7fff58	80ff1daa	fd7fff58	fd7fff58	3eff1d03	7f800000
9ee0c05f	55b212f3	55b212f3	d5b212f3	b51c5665	88a18d45
228a06d4	2736cb56	27371059	a7368653	0a451cf9	3ac14dc5
ddbfe5a9	9b62d83a	ddbfe5a9	ddbfe5a9	39aa0ad4	7f800000
1f63fe71	2effaf4b	2effaf4b	aeffaf4b	0ee3b690	2fe44668
5b9c10d8	51bc733b	5b9c10e4	5b9c10cc	6de5c53c	495401ed
43a38293	1bc9df8e	43a38293	43a38293	2000f04f	674f59cb
6bd8432a	dc1d7275	6bd8432a	6bd8432a	ff800000	cf2fd0ac
e455b5f7	dd415f44	e455b8fc	e455b2f2	7f800000	468d7681
b7460d27	7a00dbc1	7a00dbc1	fa00dbc1	f1c7612c	8000c4bb
1477982a	a3eea5e5	a3eea5e5	23eea5e5	800000e7	b004cc66
6fff3fd0	e9ab71b6	6fff3519	6fff4a87	ff800000	c5be919b
3c616af9	b105d0f0	3c616af7	3c616afb	adeba91b	cad79ecf
11d2ca4f	d2fb5161	d2fb5161	52fb5161	a54eef5d	8006b5bd
31f29f09	9d968f61	31f29f09	31f29f09	900eb112	d3ce4441
f9ce1760	6512889f	f9ce1760	f9ce1760	ff800000	d4340656
bef906ec	806a2eb1	bef906ec	bef906ec	0033a525	7e161902
8d7e7215	b165d874	b165d874	3165d874	001c8e66	1b8db31f
e82cca84	161cee06	e82cca84	e82cca84	bed3d822	ff800000
a96e3cc1	54472957	54472957	d4472957	be3957b3	94991d24
0fec7ab0	44fed950	44fed950	c4fed950	156b6a79	0a6d8c22
00c773da	946d5b99	946d5b99	146d5b99	80000000	abd71e1e
fbf4cad8	5d789e76	fbf4cad8	fbf4cad8	ff800000	ddfc0f4d
345e2a63	a9aa229c	345e2a5e	345e2a68	9e93a62f	ca27250a
9b1369dd	80986277	9b1369dd	9b1369dd	00000000	59f7a615
1ef5dc20	4752c9ee	4752c9ee	c752c9ee	26ca7081	17154bf2
f116f784	11cd8627	f116f784	f116f784	c37266a3	ff800000
d0ef7aea	0f099fca	d0ef7aea	d0ef7aea	a080be42	ff800000
e4d5c2e3	e7d50520	e7d85c2c	67d1ae14	7f800000	3c807206
d9f02138	e46c6a6b	e46c6a73	646c6a63	7eddc272	350202c8
19aced07	4c6ff35a	4c6ff35a	cc6ff35a	26a215ab	0cb87e05
31af23d5	8e673fb3	31af23d5	31af23d5	809e34e9	e2c1e2bb
b534f5c9	2f051635	b534ed78	b534fe1a	a4bc26c8	c5ae0b27
7b6f336b	489ec1f6	7b6f336b	7b6f336b	7f800000	7240dbb0
7e4b322a	15591610	7e4b322a	7e4b322a	542c4f09	7f800000
26b2be68	fdeaaa9b	fdeaaa9b	7deaaa9b	e523d92a	80000000
9d3e85ea	0b41b6b7	9d3e85ea	9d3e85ea	80000000	d17bc891
73944ad8	074179e6	73944ad8	73944ad8	3b602613	7f800000
94661f44	e2d28704	e2d28704	62d28704	37bd3f04	00000000
a9509b85	c9e10e42	c9e10e42	49e10e42	33b7644e	1eed4a4d
12fabbb4	7aaa9fe7	7aaa9fe7	faaa9fe7	4e271d42	00000000
16ca8647	bb9c0de2	bb9c0de2	3b9c0de2	92f6e99e	9aa61dc1
4ec3c1c9	f406493f	f406493f	7406493f	ff800000	9a3a97e4
c87353a3	ceab527c	ceab5a17	4eab4ae1	57a2d745	3935cbf7
4ecad8e6	cf7a8997	cf151d24	4faffb05	dec684d6	becf451e
9f223d5a	2be4b303	2be4b303	abe4b303	8b90f017	b2b59b5a
d7a137dd	6cd1588a	6cd1588a	ecd1588a	ff800000	aa452594
20280d67	b9cbaf4a	b9cbaf4a	39cbaf4a	9a85b5b2	a5d33735
31b09039	df48941c	df48941c	5f48941c	d18a56d3	91e15967
08b680ac	cd1b8695	cd1b8695	4d1b8695	965dbfb3	800012c6
64cc0ef0	dca7ed75	64cc0e48	64cc0f98	ff800000	c79b8a43
d5ca98c5	aff4407c	d5ca98c5	d5ca98c5	46414ca4	65545761
488307ac	2ee53bb2	488307ac	488307ac	37eaa8d5	59125475
24a43f34	3d9343c7	3d9343c7	bd9343c7	22bcf78e	268ec2b5
5d79eeb5	bc3df93b	5d79eeb5	5d79eeb5	da39788e	e0a86624
43c9335f	6737f93b	6737f93b	e737f93b	6b90979a	1c0bfc5d
099e7b34	be6b9f83	be6b9f83	3e6b9f83	8891ddd8	8aac2fd7
8a4e9531	70db164b	70db164b	f0db164b	bbb0cb9e	80000000
953694ff	d970e075	d970e075	5970e075	2f2bcbc5	00001841
78f20cb1	566f828a	78f20cb1	78f20cb1	7f800000	62015b75
7340a946	288a292a	7340a946	7340a946	5c4ff475	7f800000
0e6d373e	c59d1dd9	c59d1dd9	459d1dd9	94919689	8841415e
203a86ef	e240b503	e240b503	6240b503	c30c6917	8001ef95
552aea8d	7c17df60	7c17df60	fc17df60	7f800000	18900cdb
944ea3fa	8f7fdaae	944ee3f1	944e6403	00000000	444ec21e
081c14b2	d0dfe59f	d0dfe59f	50dfe59f	99888207	8000000b
3e77b0fe	322584e1	3e77b0ff	3e77b0fd	312025a5	4bbf8bc0
d0282838	4daf2508	d022af10	d02da160	de6617a3	c1f5c962
6ae96892	6b175ec8	6b860988	ea0aa9fc	7f800000	3f455f4c
5c51710b	e30365c4	e303627e	6303690a	ff800000	b8cc06ad
c54e7d35	2c6ce847	c54e7d35	c54e7d35	b23f16c8	d85f215c
d22e7d7b	0c009923	d22e7d7b	d22e7d7b	9eaf4e3d	ff800000
5ceba2d6	651a73c1	651a7437	e51a734b	7f800000	374347ae
1f707c49	d79d0f01	d79d0f01	579d0f01	b7938a51	8743fdcf
71c5698e	34eec211	71c5698e	71c5698e	67381dc9	7c53ab21
db6256ac	fcb4d753	fcb4d753	7cb4d753	7f800000	1e203409
ed083288	7e30073c	7e30073c	fe30073c	ff800000	ae4612d0
f4b64776	38ca402b	f4b64776	f4b64776	ee100214	fb66b88f
b4e70073	4d13a1ec	4d13a1ec	cd13a1ec	c285375e	a7484859
e9b22d1d	391ad823	e9b22d1d	e9b22d1d	e3578b24	f013497c
ff29d17a	499f190a	ff29d17a	ff29d17a	ff800000	f508a000
3d481e35	db4504c5	db4504c5	5b4504c5	d91a02f9	a182037c
d379f2c5	85fc11e6	d379f2c5	d379f2c5	19f61c74	7f800000
4e5b4957	571577c4	571577fb	d715778d	66000847	36bbca6c
bf09fede	65a681df	65a681df	e5a681df	e533828b	98d42a00
78e31c9c	2106bceb	78e31c9c	78e31c9c	5a6f1126	7f800000
dee8d8d9	aa2c8894	dee8d8d9	dee8d8d9	499cedec	742cbee7
49fba52d	0053245e	49fba52d	49fba52d	0aa3749a	7f800000
8ae70c84	71e2f6e2	71e2f6e2	f1e2f6e2	bd4cd7df	80000000
99505966	bb31fed1	bb31fed1	3b31fed1	1510dd32	1d95d3fb
c16ca195	748da91c	748da91c	f48da91c	f682f150	8c55cffa
a9ceb771	b64a23d6	b64a23d6	364a23d6	20a339af	3302e5e4
400389c0	de7b7ec6	de7b7ec6	5e7b7ec6	df013933	a105e4ea
ade40fc8	24c5e293	ade40f97	ade40ff9	933049fe	c89384f9
3a708e22	b05f3671	3a708e14	3a708e30	ab51bef8	c989f1ea
12a6d767	bae7f16b	bae7f16b	3ae7f16b	8e1729b4	97382566
e3414b19	f7897430	f7897430	77897430	7f800000	2b33ffbb
e7f7d8c6	9dc8c14b	e7f7d8c6	e7f7d8c6	46425c7e	7f800000
afa495ce	ef772039	ef772039	6f772039	5f9ee141	002a9fb3
5e2c35a2	fca0e302	fca0e302	7ca0e302	ff800000	a109021e
e98edc50	6535bd06	e98e8171	e98f372f	ff800000	c3c93c6e
0f2e328f	4bf6d86c	4bf6d86c	cbf6d86c	1ba7f7da	02b4a869
f400e9a5	833c96b7	f400e9a5	f400e9a5	37bdeef4	7f800000
37fbd1e4	d3d983b4	d3d983b4	53d983b4	cc55f678	a3943006
128756e6	cb720315	cb720315	4b720315	9e7fe38d	868f2971
1c1a0a27	f8e2665f	f8e2665f	78e2665f	d5883a90	80000000
3278c7db	fa635762	fa635762	7a635762	ed5cee22	80000023
fd3c89c8	4c10b1e0	fd3c89c8	fd3c89c8	ff800000	f0a6c8e6
06afb5d7	be9f13f0	be9f13f0	3e9f13f0	85da5f40	878d6211
d09465ac	896ccd5b	d09465ac	d09465ac	1a8944c5	7f800000
57d9739d	870c96bc	57d9739d	57d9739d	9f6ed687	ff800000
1b049d8a	13cc46a2	1b049f23	1b049bf1	00000000	46a631cd
0b0531aa	a39413cb	a39413cb	239413cb	80000000	a6e644f3
2aeeb7b3	fd64f4a6	fd64f4a6	7d64f4a6	e8d57fbd	80000000
c66733fc	f122b0a8	f122b0a8	7122b0a8	7812ee71	14b5e774
e37e5490	b252658f	e37e5490	e37e5490	56510644	709aba64
1db3bc02	4efcd390	4efcd390	cefcd390	2d31819b	0e35fd92
a10adc02	8cef676e	a10adc02	a10adc02	00000000	53947c45
1c42b045	e4f5caff	e4f5caff	64f5caff	c1baed13	8000000d
b0bdfe75	efc20a13	efc20a13	6fc20a13	6110024f	007d54d8
f49e7260	7eeae3c7	7eeae3bd	feeae3d1	ff800000	b52cafd6
2cdab686	ca4604d5	ca4604d5	4a4604d5	b7a92d4c	a20d6072
2908a39f	d8ac4f26	d8ac4f26	58ac4f26	c237f05b	8fcb0147
bf2b720c	7aebd6c4	7aebd6c4	faebd6c4	fa9df186	83ba1a0f
da9379ab	381e5b27	da9379ab	da9379ab	d3367335	e1ee68f5
844e3cd6	c61b116f	c61b116f	461b116f	0af9d9c2	0002a8f3
b840b3f4	9c3c7c31	b840b3f4	b840b3f4	150de1a3	5b82dd44
15499f90	515cb71a	515cb71a	d15cb71a	272dd555	0369db1d
90c3c83f	932b7a9f	933198e1	13255c5d	00000000	3d12241d
9e78a72d	b9e906b7	b9e906b7	39e906b7	18e256ae	2408956e
aea0d643	8dd66e43	aea0d643	aea0d643	00010d71	60400442
c6ef50f5	ed8872ee	ed8872ee	6d8872ee	74ff1ce5	18e07f6b
c28b5ddb	a2cbccf6	c28b5ddb	c28b5ddb	25dde603	5f2f1003
c4098d12	496a70f4	496a4e91	c96a9357	cdfbef47	ba163333
f62c61f0	4b498e4d	f62c61f0	f62c61f0	ff800000	ea5af24a
f21402e9	75beb51b	75bd8d15	f5bfdd21	ff800000	bbc6afa2
2fa59a32	c2d8f753	c2d8f753	42d8f753	b30c5a18	ac43653e
0ac9538c	0a13c20d	0b099a49	0a7ee50b	00000000	402e67bf
7715191a	a47f1f26	7715191a	7715191a	dc149625	ff800000
addae2ac	9a938acd	addae2ac	addae2ac	08fc4dac	52bde4cb
d7830ab0	5f3348d1	5f3347cb	df3349d7	f7378b7e	b7bb1d45
a8e43bf3	47eb6c4e	47eb6c4e	c7eb6c4e	b151e397	a0782eca
3f1e89a6	450b24df	450b2ec8	c50b1af6	44ac5725	3991d726
db34561a	a87428c7	db34561a	db34561a	442bfeca	723d14f7
2ed33d5a	61966d00	61966d00	e1966d00	50f83fc8	0cb3bf64
8870ad21	6660be98	6660be98	e660be98	af534aac	80000000
e999a44f	6875a7b1	e975deb2	e9b85945	ff800000	c0a01ca9
ebcecfd4	c6932fa9	ebcecfd4	ebcecfd4	72edcfaf	64b3da70
0ca5a90f	69654604	69654604	e9654604	36945d89	00000000
f8188b00	1789f452	f8188b00	f8188b00	d02467f1	ff800000
e98d31b2	d471b55b	e98d31b2	e98d31b2	7e854fcf	54958ae5
9f9fedd4	9ba4dd51	9fa092b1	9f9f48f7	0000337f	43785611
5fe7558a	da34da36	5fe73eef	5fe76c25	faa36d55	c523ba9c
967e1452	5783033b	5783033b	d783033b	ae82079b	8007c1e5
1b70d646	3bb9cac3	3bb9cac3	bbb9cac3	17aec999	1f25ec3d
7c99678b	e78367d4	7c99678b	7c99678b	ff800000	d4956dc3
f3cc9c05	53bb1f59	f3cc9c05	f3cc9c05	ff800000	df8bf63e
53215d0d	c865dd9c	53215d09	53215d11	dc10e3ec	ca33b5a4
f9d104e2	b98a0dc3	f9d104e2	f9d104e2	73e16fbd	7f800000
8cf9113b	6cb27d96	6cb27d96	ecb27d96	ba2da82a	80000000
e19752f3	f60a2272	f60a2272	760a2272	7f800000	2b0c38c7
b9e35a90	10e2617c	b9e35a90	b9e35a90	8b490c87	e8808cd5
d4eb8162	76ea589e	76ea589e	f6ea589e	ff800000	9d80a218
d28052a0	373fd133	d28052a0	d28052a0	ca404d05	daab4294
84067e87	54b0ebc1	54b0ebc1	d4b0ebc1	9939e5b1	80000000
c7354f73	de322d74	de322d74	5e322d74	65fc62de	28824024
d58c4ae6	59d372e7	59d2e69c	d9d3ff32	efe7c167	bb29d9fb
68adb2a7	3c84b676	68adb2a7	68adb2a7	65b417d6	6ba7879b
8e050f7e	b0b03d99	b0b03d99	30b03d99	0016e6ab	1cc14741
7c9eb8f2	1a16ef73	7c9eb8f2	7c9eb8f2	573b29a8	7f800000
96eddb2c	09398888	96eddb2c	96eddb2c	80000000	cd241901
e7efa547	3996bae6	e7efa547	e7efa547	e20d19cd	edcb81d1
a5fae080	c0531b34	c0531b34	40531b34	26cee1b2	25181d39
2883e7c8	c9635f4a	c9635f4a	49635f4a	b26a4f3f	9e948362
19b57fdf	20e540eb	20e543c1	a0e53e15	00001451	384aacb0
9a0f831f	a2f20fc3	a2f2100b	22f20f7b	00021ecb	3697c6a4
ea3c610e	17cc21df	ea3c610e	ea3c610e	c2963644	ff800000
294db083	9f08deec	294db07a	294db08c	88dbf1c5	c9c05bc5
6c0fc927	c02a4df2	6c0fc927	6c0fc927	ecbf4eb7	eb582327
cba130e2	dc94964e	dc94964e	5c94964e	68bb1dcd	2e8adb87
b970db8f	ca1c0a5d	ca1c0a5d	4a1c0a5d	4412cf8b	2ec59355
53857636	905261ed	53857636	53857636	a45b5c0b	ff800000
80ed7340	22349521	22349521	a2349521	80000000	9e284f0c
2595170a	43d6b768	43d6b768	c3d6b768	29fa1825	2131c16c
c49bcf1e	003bf157	c49bcf1e	c49bcf1e	8511ee7b	ff800000
b2433c17	d2d7269f	d2d7269f	52d7269f	45a414eb	1ee84d73
2750a094	63f6a41c	63f6a41c	e3f6a41c	4bc9000c	02d88b33
c75bc1d0	2b2d63f7	c75bc1d0	c75bc1d0	b314d7ca	dba23a89
04aff4ba	c7294892	c7294892	47294892	8c68b4e0	80010a17
989d274e	ae5cf80d	ae5cf80d	2e5cf80d	0787a60d	29b61154
411818f0	bcfef067	41179978	41189868	be977793	c398baf9
e6dec19c	e41c559f	e6e3a449	e6d9deef	7f800000	42366224
f6a11192	35cb71ea	f6a11192	f6a11192	ed00009b	ff800000
a14d404d	c17c209d	c17c209d	417c209d	234a2572	1f50675e
838a4c45	f2f944ae	f2f944ae	72f944ae	3706a949	00000000
a83a956a	e7328e5e	e7328e5e	67328e5e	500223a7	0085c12f
ab28bf3c	061819d7	ab28bf3c	ab28bf3c	80000000	e48e0229
9169003f	2a6f3f94	2a6f3f94	aa6f3f94	80006ce1	a67950b0
8eb4cd63	19dd3891	19dd388e	99dd3894	80000000	b4513a19
68f823ef	f787f33f	f787f33f	7787f33f	ff800000	b0e9a124
94ab67c8	2f914a7a	2f914a7a	af914a7a	84c28f4c	a49701b2
b67e10ea	c6c3de97	c6c3de97	46c3de97	3dc263cb	2f260800
3aa9194b	06fb1aec	3aa9194b	3aa9194b	0225dd95	732c6523
53002bca	eb5c752f	eb5c752f	6b5c752f	fedcc09a	a714d5b7
4b30329a	0fc83c7a	4b30329a	4b30329a	1b89d128	7ae14455
ccfa7b0d	00e0c147	ccfa7b0d	ccfa7b0d	8e5be8c8	ff800000
4f05e0a8	3cb7ee3d	4f05e0a8	4f05e0a8	4c40605e	51ba55af
f9f78944	61fd32a2	f9f78944	f9f78944	ff800000	d77a4698
2c590185	2f11468b	2f14aa91	af0de285	1bf64b51	3cbf3354
092b09a9	e848ebe7	e848ebe7	6848ebe7	b2063d28	80000000
c4a39a68	313d2210	c4a39a68	c4a39a68	b671bd87	d2dd71b3
06c6355b	ab5379a3	ab5379a3	2b5379a3	80000000	9aeff0a7
c1bf65fb	8f9b7906	c1bf65fb	c1bf65fb	11e87a75	719d93d0
26068f7d	3c775960	3c775960	bc775960	2302036c	290b4444
8168f55b	815d3c59	81e318da	80177204	00000000	3f86c84a
837c0fa7	46f016c4	46f016c4	c6f016c4	8aec6517	80004331
636f87a0	57581b6e	636f87a1	636f879f	7b4a3419	4b8ddf8a
8157fd8d	14635c53	14635c53	94635c53	80000000	ac733293
a2252e07	ee9f2567	ee9f2567	6e9f2567	514d5f71	00000000
c2b03063	4b98c909	4b98c8dd	cb98c935	ced24e2e	b6939b6b
520a3ec8	abf521aa	520a3ec8	520a3ec8	be846043	e5905feb
17ee8655	3d75fec6	3d75fec6	bd75fec6	15e533f1	19f839c7
95a15a4e	90006068	95a16a5a	95a14a42	00000000	4520e122
5dbf7aff	c8627e5d	5dbf7aff	5dbf7aff	e6a96919	d4d86cef
ae0d5c47	8ba155d1	ae0d5c47	ae0d5c47	00000591	61e04e0d
404dbfae	2e0cd366	404dbfae	404dbfae	2ee25d74	51bb0295
d8f7f0f0	8dcfd954	d8f7f0f0	d8f7f0f0	27494e4f	7f800000
1cbe11f6	38a21bf8	38a21bf8	b8a21bf8	15f0b843	239613e3
644861bd	745cac66	745cac66	f45cac66	7f800000	2f6875c0
62392f65	d83f15bf	62392f59	62392f71	fb0a3a17	c978188e
c1b688bb	f1ab5e53	f1ab5e53	71ab5e53	73f4612d	0f885706
c7bc5f61	282c4db0	c7bc5f61	c7bc5f61	b07d927f	df0beff6
b724682a	2ec016cb	b72467ca	b724688a	a676b986	c7db1b8b
5720a3a1	29a0d1cc	5720a3a1	5720a3a1	4149d3d4	6cffb682
7e5d6072	71dd2d5d	7e5d6072	7e5d6072	7f800000	4c001d90
86b143e3	c457401b	c457401b	4457401b	0b950c67	01d2d2de
faab6560	3602e61f	faab6560	faab6560	f12f4719	ff800000
9aec0d6b	bbb4d2cb	bbb4d2cb	3bb4d2cb	1726bbcd	1ea7185a
cad1be71	47c816b4	cace9e16	cad4decc	d323ef62	c2862d36
27f93526	024fefc3	27f93526	27f93526	00000000	651967c3
3d4d3b05	3eb5f29b	3ecf99fc	be9c4b3a	3c91dd39	3e106125
3157b275	5c66ae62	5c66ae62	dc66ae62	4e425d43	146f5f0e
6e67eb05	2e639ecb	6e67eb05	6e67eb05	5d4e3540	7f800000
ced8d251	4a61f3a9	ced86157	ced9434b	d9bf5f38	c3f5a7d3
92b25140	95c90abd	95cbd402	15c64178	00000000	3c631035
3b87449b	468ac5e5	468ac5e7	c68ac5e3	4292a719	347988bc
d88e98e5	c117c4ab	d88e98e5	d88e98e5	5a291377	56f087d1
25975e2a	61861f61	61861f61	e1861f61	479e9baf	03907541
564bc18e	7dd0d9c6	7dd0d9c6	fdd0d9c6	7f800000	17f9c159
3d9bdd40	25d15a77	3d9bdd40	3d9bdd40	23feed6b	573e97c3
0740d9a9	e7564bde	e7564bde	67564bde	af216f1a	80000000
10992239	fe41e504	fe41e504	7e41e504	cf67f796	80000000
8fd24027	ef17d1cf	ef17d1cf	6f17d1cf	3f79604f	00000000
4d537995	33eeb290	4d537995	4d537995	41c52e8a	58e2cddc
a5be2429	79262e36	79262e36	f9262e36	df76db8a	80000000
6f0b7c1d	3749d362	6f0b7c1d	6f0b7c1d	66dbef3f	7730eced
093ea3cd	61a1b57b	61a1b57b	e1a1b57b	2b70d853	00000000
6c23f196	4da340c3	6c23f196	6c23f196	7a511898	5e008aa4
e6951c20	f210a105	f210a106	7210a104	7f800000	3403f737
310d494a	f6eecdd2	f6eecdd2	76eecdd2	e883cbba	8000025e
28784d8b	db11d0e2	db11d0e2	5b11d0e2	c40d6e86	8cd9f709
b75e49a9	d9804352	d9804352	59804352	515ebe92	1d5dd4fd
494cb34a	386374d4	494cb34a	494cb34a	4235e065	50666369
ab288bd3	b2b56bdb	b2b56d2c	32b56a8a	1e6ee3be	37edd509
068832b7	3a503337	3a503337	ba503337	015d88e8	0ba777a5
bd584211	f6566a30	f6566a30	76566a30	743520ee	068119b3
cc78ab60	d9d2d721	d9d2d721	59d2d721	66cccd8d	3216f740
59df4f0e	25e458f3	59df4f0e	59df4f0e	40473000	737a59e7
e430dd5f	8b96842e	e430dd5f	e430dd5f	304ffa0f	7f800000
c040a0e4	61767873	61767873	e1767873	e239753d	9e481384
0ad30f1a	6cab59c2	6cab59c2	ecab59c2	380d4517	00000000
2777340e	27899b14	28029a8e	a5e010d0	0f84e09b	3f65f26b
7680180b	736b38bb	7681ee7c	767c8333	7f800000	428b68be
ef0775e0	ff14d626	ff14d626	7f14d626	7f800000	2f68fe39
a5b701b3	8552c2bd	a5b701b3	a5b701b3	00000000	5fde49e1
c09950f7	f357979d	f357979d	7357979d	74811dcc	0cb60d46
42a43be4	1f2b129c	42a43be4	42a43be4	225b7fe3	62f5c428
a6428d20	e37c9159	e37c9159	637c9159	4a3ff161	024531f2
10cc56fb	12b152f1	12be1861	92a48d81	00000000	3d93804b
260752b0	8ebd253f	260752b0	260752b0	80000002	d6b72756
4f32519b	2007aa93	4f32519b	4f32519b	2fbcffb3	6ea83e03
13e6e1e4	95b1e30f	95a374f1	15c0512d	80000000	bda62220
72b553de	3a320b12	72b553de	72b553de	6d7c384f	78025c79
4e92d3f0	b1a29ed6	4e92d3f0	4e92d3f0	c0ba8a6f	dc672399
0f6f5e86	cbe80f0c	cbe80f0c	4be80f0c	9bd8fbbb	83040847
4abb98f2	e24c5a0e	e24c5a0e	624c5a0e	ed95bfdf	a7eb02db
e83405f2	b48da3f3	e83405f2	e83405f2	5d473522	7322afb9
b76d8844	8feae7b7	b76d8844	b76d8844	07d9f58e	67016e79
a70583c6	35e9303e	35e9303e	b5e9303e	9d733c31	b0929365
f7d000e4	4c2e7c15	f7d000e4	f7d000e4	ff800000	eb1896c9
fed55ff6	6af45808	fed55ff6	fed55ff6	ff800000	d35f8dbb
40fbe6de	e411a353	e411a353	6411a353	e58f4e79	9c5d64f7
cd5d8fe7	2cd0db87	cd5d8fe7	cd5d8fe7	bab4c2eb	e007c93e
e131f9b8	c7bbc3a4	e131f9b8	e131f9b8	6982896d	58f2a765
328585bb	aa7255a4	32858542	32858634	9d7cca2b	c78d0d45
5bb55c7c	62080edd	62081488	e2080932	7e40c753	392a9ec0
5f25aac0	20cb19c6	5f25aac0	5f25aac0	40836f14	7dd0d0ff
1f94c34d	47b05849	47b05849	c7b05849	27ccf325	1757f590
0867f602	6fceeae5	6fceeae5	efceeae5	38bb7ccc	00000000
74569407	cb2b5e55	74569407	74569407	ff800000	e8a0464c
0f25d8cc	0354183d	0f25d8cd	0f25d8cb	00000000	4b482db3
5802b01b	d8a5f8c2	d8494169	58e750d0	f12974fe	bec993c1
4dfa1c2f	24ae0c76	4dfa1c2f	4dfa1c2f	332a0b55	68b7f005
22b4c368	e226a876	e226a876	6226a876	c56b5b52	80456aad
5a1488fb	195b54f4	5a1488fb	5a1488fb	33fe84f2	7f800000
c9c1fd44	ecb11a86	ecb11a86	6cb11a86	77063435	1c8c3439
6c77e815	cc5455ea	6c77e815	6c77e815	f94d9f64	df957160
b924a708	ddd268e3	ddd268e3	5dd268e3	5787547a	1ac8540f
55fed184	358a29e1	55fed184	55fed184	4c0986a1	5fec12cf
d809df4b	c6e6acd9	d809df4b	d809df4b	5f787769	50990235
5429429d	ba9ecdbb	5429429d	5429429d	cf51fe46	d9086da4
eb94c436	df6bf6a8	eb94c436	eb94c436	7f800000	4ba16614
fc40b953	21070d87	fc40b953	fc40b953	ddcb57d4	ff800000
667a2dc1	714c59ec	714c59f0	f14c59e8	7f800000	349cb47f
c52a06a9	434f6da7	c51d0fcf	c536fd83	c909c436	c151d6ea
2bb26e8c	142c31ad	2bb26e8c	2bb26e8c	007804e6	5704a308
6f92f3df	08695701	6f92f3df	6f92f3df	3885f1e7	7f800000
64e91dd9	35087533	64e91dd9	64e91dd9	5a788529	6f5aaaf2
1eab84c2	6f0a8c2a	6f0a8c2a	ef0a8c2a	4e39a6f3	00000000
4b36b9be	983c3479	4b36b9be	4b36b9be	a40655dc	f2788bfb
82ca358c	d5eff9c3	d5eff9c3	55eff9c3	193d8d46	00000000
1c91730e	3c42919b	3c42919b	bc42919b	195d17d6	1fbf5f49
5f4b5b61	de94df95	5f00eb96	5f8ae596	fe6c84de	c02ed831
c5c57c92	68ecbdc5	68ecbdc5	e8ecbdc5	ef36a13c	9c558d4e
e1c4e6c6	b30727c0	e1c4e6c6	e1c4e6c6	554fe88a	6e3a7a2f
c2d6c1ba	f831008c	f831008c	7831008c	7b947c67	0a1b4d6d
04b6da1e	8433c5bf	0439ee7d	05085e7f	80000000	c0023154
c252210a	63255e19	63255e19	e3255e19	e607bc88	9ea2a59a
efcffa19	a653c643	efcffa19	efcffa19	56ac0c34	7f800000
51d777ad	5fe87547	5fe87547	dfe87547	7243a72a	316d49e6
074599e6	5e5c9d80	5e5c9d80	de5c9d80	262a49d4	00000000
31e1178d	0df23a7c	31e1178d	31e1178d	006a7dd8	636de3a7
0adf4384	90f48e09	90f48015	10f49bfd	80000000	b969b665
919985ea	e9680fe8	e9680fe8	69680fe8	3b8b2ae6	00000000
909b1fcb	dce2788d	dce2788d	5ce2788d	2e093b1e	00000000
b2bf116e	80f096da	b2bf116e	b2bf116e	00000000	714b4e89
dc6d93a8	470d968c	dc6d93a8	dc6d93a8	e403660a	d4d6c6da
ac1b1bc3	b0fba9a4	b0fbf732	30fb5c16	1d987b01	3a9dc81d
9fdd070f	5d18ba06	5d18ba06	dd18ba06	bd83dccd	82393e2f
7398e1b4	fce01768	fce01742	7ce0178e	ff800000	b62ea68e
9ba2275c	6c8ad2bd	6c8ad2bd	ec8ad2bd	c8afdd67	80000000
4ed501f2	58e8b920	58e8b92d	d8e8b913	6841a3cc	356a5001
896a51f0	0d227821	0d218dcf	8d236273	80000000	bbb89b67
19293aee	217b64f0	217b6599	a17b6447	000014c6	372c54a3
d0d68a02	81538b06	d0d68a02	d0d68a02	12b14842	7f800000
b1730df3	9e917c37	b1730df3	b1730df3	108a20d6	5255d7c6
22b9c7b0	c410c062	c410c062	4410c062	a75217e0	9e2447cd
528da7a1	913a95a1	528da7a1	528da7a1	a44e7d2d	ff800000
faa3f9f1	5b135ca8	faa3f9f1	faa3f9f1	ff800000	df0e6e72
78d1c4a9	2bcd85d9	78d1c4a9	78d1c4a9	65286828	7f800000
710ba4b3	fd84dc74	fd84dc74	7d84dc74	ff800000	b30688b8
11f7be9c	a9ddb494	a9ddb494	29ddb494	80006b47	a78f0896
665afc61	6c203338	6c2040e8	ec202588	7f800000	39aef84b
646fbdb6	99511588	646fbdb6	646fbdb6	be43ce0c	ff800000
4e1fa68d	480cf41a	4e1faf5c	4e1f9dbe	56afcea0	4590fa94
7768000a	c317eb9e	7768000a	7768000a	fb09ad8d	f3c37890
e2252c8b	5ec80369	e2239c84	e226bc92	ff800000	c2d3689c
56a817c4	ec4ba573	ec4ba573	6c4ba573	ff800000	a9d34e71
17ce2568	3be693d4	3be693d4	bbe693d4	1439aca6	1b64dffe
87bde507	024c803c	87bdcb77	87bdfe97	80000000	c4edb728
dc7c3545	0c2fe01d	dc7c3545	dc7c3545	a92d4535	ff800000
78863943	a54402b2	78863943	78863943	de4d8a82	ff800000
20c87747	19c9cf63	20c87a6e	20c87420	000013c1	467e4b7e
da42ca33	2fcb952b	da42ca33	da42ca33	ca9ae7d7	e9f4f177
f5308611	9b6aa9ab	f5308611	f5308611	5121cf8a	7f800000
d4d56015	7a8d09ce	7a8d09ce	fa8d09ce	ff800000	99c1a65a
2a9d3c6c	62c9bcb6	62c9bcb6	e2c9bcb6	4df7d0b2	07478770
2f33a7d1	01a183ab	2f33a7d1	2f33a7d1	00000000	6d0e607c
0cfcdfae	a1e87dde	a1e87dde	21e87dde	80000000	aa8b38b5
88b6ec46	836e2f98	88b70a0c	88b6ce80	00000000	44c49a98
f4724a53	a1b0538e	f4724a53	f4724a53	56a6e22e	7f800000
de839373	0c8368e5	de839373	de839373	ab8714bb	ff800000
bdcaffbe	fd1437d5	fd1437d5	7d1437d5	7b6b103f	0057a778
853bc486	992c008a	992c008a	192c008a	00000000	2b8bbb7d
5299dfab	f63a7cd2	f63a7cd2	763a7cd2	ff800000	9bd33abd
84efd7ac	059e4af0	0544aa0a	85da40db	80000000	bec1f185
25e17c4f	4aae2a70	4aae2a70	caae2a70	311967df	1aa5b771
8e1ff35c	c0ccb8d1	c0ccb8d1	40ccb8d1	0f7fd2ce	0cc803b7
706ddcba	3a9e9b2c	706ddcba	706ddcba	6b935e68	753ff64a
9d26f034	1c0f9da7	9d0308ca	9d4ad79e	800002ed	c094c95a
43f1abf4	c5bd70eb	c5ae562c	45cc8baa	ca32d68c	bda34a6e
f0c8315a	c664b31d	f0c8315a	f0c8315a	77b2d805	69e01717
1d8be1b7	2b313891	2b313891	ab313891	0941abf0	31ca1002
8fae7b93	dec0bcac	dec0bcac	5ec0bcac	2f035d46	00000000
ab647fbc	de3d2b07	de3d2b07	5e3d2b07	4a28d8b6	0c9a9cf6
a8902a84	72394f78	72394f78	f2394f78	db50b6f4	80000003
a024bb22	7d1d6526	7d1d6526	fd1d6526	ddca8fb4	80000000
95789f6e	cb015bb9	cb015bb9	4b015bb9	20fb42d6	09f6031e
74be2503	d5083336	74be2503	74be2503	ff800000	df32b25f
575d628e	42dee2a8	575d628e	575d628e	5ac0bf79	53fe46d5
efc241ca	5aeff397	efc241ca	efc241ca	ff800000	d44f3fd3
518862a9	03dbf742	518862a9	518862a9	15ea6042	7f800000
845f655c	6c063dbe	6c063dbe	ec063dbe	b0ea49de	80000000
fecf5d9e	c9136ccf	fecf5d9e	fecf5d9e	7f800000	75340af2
14b800a7	d3b6075d	d3b6075d	53b6075d	a902d5c2	80816350
bffa9841	4d2949dd	4d2949dd	cd2949dd	cda5b6d1	b23d79e0
1ccfe68d	06f45ae7	1ccfe68d	1ccfe68d	00000000	5559cee9
c4df6360	262ca664	c4df6360	c4df6360	ab96a7f6	de259dd5
07c8bd6c	1bfe1039	1bfe1039	9bfe1039	00000000	2b4a4525
bb566b97	70894215	70894215	f0894215	ec65edda	8a47f520
2769df78	fbc03a1c	fbc03a1c	7bc03a1c	e3af9cb0	80000000
abe3e02a	4e3c86ad	4e3c86ad	ce3c86ad	baa7d080	9d1ab768
92829ffc	6b360ca1	6b360ca1	eb360ca1	be39c85e	80000000
f4ed8a52	d867e9c3	f4ed8a52	f4ed8a52	7f800000	5c031b17
fb8991fd	245218c0	fb8991fd	fb8991fd	e061ce1d	ff800000
e0a25251	7a8b2e42	7a8b2e42	fa8b2e42	ff800000	a595482a
e68b4c03	886ccd48	e68b4c03	e68b4c03	2f80d9c6	7f800000
dd699737	20fa10e6	dd699737	dd699737	bee42d17	fbef223b
5427d48a	4aaaf5fc	5427d49f	5427d475	5f6028cf	48fb4fe7
641c4ae0	159e5648	641c4ae0	641c4ae0	3a4155c7	7f800000
a44353f8	88fffcc0	a44353f8	a44353f8	00000000	5ac35673
9b3e4cee	8aea6df2	9b3e4cee	9b3e4cee	00000000	4fcfcf83
800c6c8d	39a9f1a0	39a9f1a0	b9a9f1a0	80000108	8495b8f1
53206ae1	e1a38eca	e1a38eca	61a38eca	f54cfb0e	b0fb15b9
9559d2b4	bd0f7b96	bd0f7b96	3d0f7b96	12f42bb5	17c25188
ee3f6087	6e06b56a	ed62ac74	eea30af8	ff800000	bfb5d8a4
91e51950	4d0eba4d	4d0eba4d	cd0eba4d	9f7f7587	844d756e
856e8ce1	f47268ae	f47268ae	747268ae	3a61e2b8	00000000
ad5046cc	0b131ea6	ad5046cc	ad5046cc	800000ef	e1b53579
f7ede6a4	e36a0b13	f7ede6a4	f7ede6a4	7f800000	54021c1b
dd84db19	806a8fb5	dd84db19	dd84db19	1e5d3533	7f800000
6835b965	da696966	6835b965	6835b965	ff800000	cd474f7a
7a3f1f77	fd62e15e	fd5fe4e0	7d65dddc	ff800000	bc57a736
516ffcea	4b6ae2a6	51700b98	516fee3c	5d5c31a7	4582c7d8
62a86622	2e0b3fa4	62a86622	62a86622	513732a3	741acbab
470efcc0	7c6008a4	7c6008a4	fc6008a4	7f800000	0a2363b3
d8edaa2e	99f76777	d8edaa2e	d8edaa2e	3365af40	7e75ec16
c02848b2	76cae83e	76cae83e	f6cae83e	f7856207	88d45136
1240fa2e	91280f48	1216f65c	126afe00	80000000	c092fa63
b7ff505d	df577252	df577252	5f577252	57d6de82	1817af90
199d7dc4	d9e07caa	d9e07caa	59e07caa	b40a1abd	80167330
174edd49	92775dfe	174e9f72	174f1b20	80000000	c4561570
daf65298	28618b52	daf65298	daf65298	c3d904a5	f20bcac6
8ca8cf03	98c178b8	98c178b9	18c178b7	00000000	335f5dc1
a64224a1	341b8056	341b8056	b41b8056	9aebdb02	b19fcec9
68265e6d	5bb11d9b	68265e6d	68265e6d	7f800000	4bf0777e
34523237	a4db32b6	34523237	34523237	99b3fa98	cef57c98
81b2c458	2fae6422	2fae6422	afae6422	80000000	91833637
92ecc4d0	7611afe1	7611afe1	f611afe1	c986be24	80000000
a8fa6fc0	7a29dc7b	7a29dc7b	fa29dc7b	e3a62b76	80000000
cada98d9	e2f65f7e	e2f65f7e	62f65f7e	6e52606b	27632382
9d4712a9	40137255	40137255	c0137255	9de5513f	9cacd13d
be830b1b	aa342872	be830b1b	be830b1b	29387106	53ba3599
d57cf3ba	57ac139d	57a42bff	d7b3fb3b	edaa0722	bd3c28da
1ce44c72	4f67da1e	4f67da1e	cf67da1e	2ccec37f	0cfc1395
af0a2dad	7c2d8e0c	7c2d8e0c	fc2d8e0c	ebbb5b13	80000000
82388196	54d9df32	54d9df32	d4d9df32	979d06b5	80000000
ebac0b38	0b0fb35e	ebac0b38	ebac0b38	b741259f	ff800000
299e5d7f	0a7011ee	299e5d7f	299e5d7f	00000001	5ea8dfa5
b78892ba	f0fabef2	f0fabef2	70fabef2	6905c528	060b6f56
896e5e62	2cf65de8	2cf65de8	acf65de8	8000000e	9bf7b06b
04c4a0db	bd09e304	bd09e304	3d09e304	8253d0e6	87368798
d88af81e	53cbbe8b	d88ac52e	d88b2b0e	ecdd345f	c42e9c91
6b5e144f	56978ae1	6b5e144f	6b5e144f	7f800000	543b942a
5862508b	6b6c67db	6b6c67db	eb6c67db	7f800000	2c751292
ef84b48c	64bd1aca	ef84b489	ef84b48f	ff800000	ca33a643
648a35f3	400d5122	648a35f3	648a35f3	65189709	63fa5f80
d845040b	ef434fc8	ef434fc8	6f434fc8	7f800000	28811de9
3c31d059	ede88840	ede88840	6de88840	eaa18374	8dc3c262
f0160a06	8e0e158c	f0160a06	f0160a06	3ea68c60	7f800000
38e79e31	acfb13bb	38e79e30	38e79e32	a66329f4	cb6c28c9
80e9ea04	58f64be8	58f64be8	d8f64be8	9a610c3b	80000000
e69d78b1	e09a5d41	e69d8257	e69d6f0b	7f800000	45829395
94984c10	972c960a	9731586a	1727d3aa	00000000	3ce1e7af
5bae773e	db242be4	5b38c298	5c004698	f75fc49a	c00806b6
b7854ac6	cd8ac326	cd8ac326	4d8ac326	45907fd5	2975e879
a06108b2	9d37a711	a063e74e	a05e2a16	00050b81	429cd76c
8da34bda	2b66adae	2b66adae	ab66adae	8000024d	a1b538a9
2a24dcd7	22df206c	2a24de95	2a24db19	0d8fb140	46bd26e6
b17fd6c9	ee8b4bd7	ee8b4bd7	6e8b4bd7	608b356a	026b177a
ea4997a2	aaedabdb	ea4997a2	ea4997a2	55bb28b6	7ed92380
8248f82b	e72ea2bc	e72ea2bc	672ea2bc	2a09186e	00000000
d06515b5	a97543f0	d06515b5	d06515b5	3a5b7a92	666f1c7a
5e1ed708	7e6805be	7e6805be	fe6805be	7f800000	1f2f4137
e85d9de1	8638a35a	e85d9de1	e85d9de1	2f1fd6e3	7f800000
9e613d93	6f07fb05	6f07fb05	ef07fb05	cdef48a9	80000000
7363c6b9	c1f6b679	7363c6b9	7363c6b9	f5db8351	f0ec59c3
471f0c62	882849ea	471f0c62	471f0c62	8fd11c18	fe71f191
5b5587d7	9d88f8c6	5b5587d7	5b5587d7	b9647f56	fd478b4f
fa7c0973	d427b078	fa7c0973	fa7c0973	7f800000	65c06246
fa03abcb	1ce4b343	fa03abcb	fa03abcb	d76b4269	ff800000
73dbeba1	66d01560	73dbeba1	73dbeba1	7f800000	4c874806
8ce94e78	6a462cf3	6a462cf3	ea462cf3	b7b49ba8	80000000
cc7d108f	3b527317	cc7d108f	cc7d108f	c850095a	d099eb60
4f34a5bf	10a59ad1	4f34a5bf	4f34a5bf	2069b827	7e0ba07b
68c5a8c7	fc86966e	fc86966e	7c86966e	ff800000	abbbfc0a
0a28a3d5	0976a956	0a664e2a	09d5f2ff	00000000	402f064e
504ccfe7	9631c4d0	504ccfe7	504ccfe7	a70e3934	f99378e0
fe3952e4	b5862135	fe3952e4	fe3952e4	744232db	7f800000
2905e641	3f41be79	3f41be79	bf41be79	28caac6e	2930eceb
be6f7093	e315284c	e315284c	6315284c	620b8236	1acd79e4
f1b3b5d1	f3a7476f	f3b282cc	739c0c12	7f800000	3d89831f
fe748244	ab7105b5	fe748244	fe748244	6a663415	7f800000
b655cb45	14770232	b655cb45	b655cb45	8b4e48f5	e15d938f
9d8e19db	68bf0d05	68bf0d05	e8bf0d05	c6d41909	80000000
6f2fae75	7e20ce52	7e20ce52	fe20ce52	7f800000	308bd73e
8b71e6c9	36e66873	36e66873	b6e66873	82d9b80b	94066293
3fc9e31d	ee14a1b2	ee14a1b2	6e14a1b2	ee6a6da2	912ddcf5
9e4a7ae6	eedbfedc	eedbfedc	6edbfedc	4dae00b7	00000000
33326bdb	0d1fa1b9	33326bdb	33326bdb	00de8368	658f10fc
e35c37d6	eeaf756f	eeaf7571	6eaf756d	7f800000	3420a717
673c76c8	4f1318d1	673c76c8	673c76c8	76d894f4	57a3ff1e
82798073	6951162a	6951162a	e951162a	ac4bc778	80000000
08ec090f	f09e3ab4	f09e3ab4	709e3ab4	ba11e3b7	80000000
72e25556	0931f50a	72e25556	72e25556	3c9d55a5	7f800000
e22c4862	c7b99daa	e22c4862	e22c4862	6a79d4d3	59ed9c6e
51058b69	03e03072	51058b69	51058b69	1569e683	7f800000
8c07bdfc	90fae7ed	90fb2bcc	10faa40e	00000000	3a8a7f80
ca19ccb9	dc4b286a	dc4b286a	5c4b286a	66f41b3d	2d41cdb8
5eddab69	5d2c80be	5ef33b81	5ec81b51	7c955ea5	41247b84
e7f3110f	7507a4a7	7507a4a7	f507a4a7	ff800000	b2655ed3
aa52c52e	7d1df2ea	7d1df2ea	fd1df2ea	e8020aec	80000000
41c78a47	b3017bff	41c78a47	41c78a47	b549daa8	ce4540b0
81210ca2	eabfee89	eabfee89	6abfee89	2c717cfa	00000000
b738b896	dc4c1997	dc4c1997	5c4c1997	5413458f	1a67b17a
d2cc172e	f87b8f84	f87b8f84	787b8f84	7f800000	19cfb135
a0848ce2	f12654a3	f12654a3	712654a3	522c3e5a	00000000
0032184e	c9700093	c9700093	49700093	89bbdb98	80000003
bb0ee709	9c0ba33a	bb0ee709	bb0ee709	179be51f	5e82fe27
2ed61388	0c242178	2ed61388	2ed61388	00002250	6226f36b
0e7c78bd	e06f32f9	e06f32f9	606f32f9	af6be6fe	80000000
05bfda30	e20a385b	e20a385b	620a385b	a84f2bb4	80000000
a2329d30	759dacbf	759dacbf	f59dacbf	d85c05db	80000000
49108ab3	307ebeed	49108ab3	49108ab3	3a0fd56a	581140e0
210663bf	11f46e0f	210663bf	210663bf	00000000	4e8cc03f
47d54195	8c194511	47d54195	47d54195	947f5b76	fb3218ab
8271d447	2d0f3644	2d0f3644	ad0f3644	80000000	94d82461
6884a6e4	9f5d12de	6884a6e4	6884a6e4	c8651bb3	ff800000
4fd995e1	b432700d	4fd995e1	4fd995e1	c497a973	db1c1508
7b7e7fa5	8d498433	7b7e7fa5	7b7e7fa5	c94855a5	ff800000
e9b7c04c	58e26844	e9b7c04c	e9b7c04c	ff800000	d04fc4bb
2d71fdda	43d2a6f2	43d2a6f2	c3d2a6f2	31c7200c	29130b03
3cb8be2c	a1a65db9	3cb8be2c	3cb8be2c	9ef01de6	da8e238b
1c6b2ae8	1fd10a1c	1fd2e072	9fcf33c6	0000c007	3c0fffb7
33a0ffb9	9e4f3ad8	33a0ffb9	33a0ffb9	928253c8	d4c6e390
eaf81c20	0ce4162c	eaf81c20	eaf81c20	b85d0e8a	ff800000
282d00cd	e8790fc6	e8790fc6	68790fc6	d1285070	80163a53
454eba61	01f40087	454eba61	454eba61	07c50a11	7f800000
a884670f	c9f7b5b2	c9f7b5b2	49f7b5b2	33001d68	1e08d572
6b877870	06383559	6b877870	6b877870	3242f597	7f800000
f01a117b	8d273c5a	f01a117b	f01a117b	3dc94b73	7f800000
1794e811	4598dfc6	4598dfc6	c598dfc6	1db1d7e7	11795b1e
15730c69	8b8cc86c	15730c57	15730c7b	80000000	c95cfae1
aed37f65	9dcd9bab	aed37f65	aed37f65	0d29dd9f	5083aaa0
329a401b	b004d898	32961956	329e66e0	a320171f	c2149fa0
ad9581b5	fedbb94d	fedbb94d	7edbb94d	6d00522e	00000000
c62d4bd1	7bad722a	7bad722a	fbad722a	ff800000	89ffc766
399c0174	1a50865d	399c0174	399c0174	147e261f	5ebf8612
a04d1593	cd941ceb	cd941ceb	4d941ceb	2e6d4f47	12313c23
1c166417	522a1335	522a1335	d22a1335	2ec7d380	09625f08
ba26614b	471fec31	471fec31	c71fec31	c1cfdfde	b2852b1f
be3ee643	9d2c7742	be3ee643	be3ee643	1c009ba3	608dae55
a0bb0693	a95986bb	a9598719	2959865d	0a9eeb01	36dc1ad2
6d1be59e	1bb6e530	6d1be59e	6d1be59e	495ec1a0	7f800000
9cefdcee	7107ae5d	7107ae5d	f107ae5d	ce7e41c2	80000000
d56a9b14	c2b192c4	d56a9b14	d56a9b14	58a2bbb9	52291c54
660c086a	fd0b9203	fd0b9203	7d0b9203	ff800000	a8806c96
e56dc472	5903f24c	e56dc471	e56dc473	fef51921	cbe6a7e4
fb6736fa	79e69a98	fb4a63a7	fb820526	ff800000	c10056cd
1ab337e2	50c50c93	50c50c93	d0c50c93	2c09f2ce	0968d5b2
5a514072	06493d36	5a514072	5a514072	21247da2	7f800000
afd83a40	47ee868a	47ee868a	c7ee868a	b84977cb	a7681185
6782c0aa	e01976fa	6782bf77	6782c1dd	ff800000	c6da1cf0
5b3f2d26	ba281726	5b3f2d26	5b3f2d26	d5fb0dd5	e091946f
9fe0f24c	1a2a9249	9fe0dcfa	9fe1079e	8000095e	c528cdd7
e58989e1	0d9465a2	e58989e1	e58989e1	b39f74a1	ff800000
addc6662	e227f6c1	e227f6c1	6227f6c1	50909b3a	0b27f5ba
210fe08c	ebda2ddf	ebda2ddf	6bda2ddf	cd753dfe	80000001
c1e81086	91603530	c1e81086	c1e81086	13cb3eac	70047c45
d7757538	e2c422c9	e2c422cb	62c422c7	7abc0f19	3420301f
dead8b12	0590b3b6	dead8b12	dead8b12	a4c4301b	ff800000
9e35726d	c39a4c33	c39a4c33	439a4c33	225ab9af	1a1685ab
f00c7fde	92254a03	f00c7fde	f00c7fde	42b56e11	7f800000
ee47df38	d0fda5b9	ee47df38	ee47df38	7f800000	5cc9b9cf
919ac0b7	94f0f11a	94f35c1d	14ee8617	00000000	3c246ca6
7cc275a8	ec5c7b8e	7cc275a8	7cc275a8	ff800000	cfe1c8f1
89054be6	27231f43	27231f43	a7231f43	80000000	a151313e
42dcc08b	f8317816	f8317816	78317816	fb9908ad	8a1f37ce
6ff6858d	c754972a	6ff6858d	6ff6858d	f7ccb82a	e8146e0b
8c0c0fdd	82aba086	8c0c0ff2	8c0c0fc8	00000000	48d0ead6
5a658c18	eedfae0b	eedfae0b	6edfae0b	ff800000	ab035b8b
b43a177c	a4644073	b43a177c	b43a177c	1925ebc4	4f50b6f3
56b2fb87	f8610872	f8610872	78610872	ff800000	9dcb9ccc
1667aa38	b5fccc81	b5fccc81	35fccc81	8ce4c4a0	9fea9935
fb5e7b8f	a052e0b3	fb5e7b8f	fb5e7b8f	5c3744a3	7f800000
756af670	a84ff1ec	756af670	756af670	de3edb4f	ff800000
592253de	03438b37	592253de	592253de	1cf7fc51	7f800000
6972a09c	f3603126	f3603117	73603135	ff800000	b58a8687
41d8ab77	833aa97c	41d8ab77	41d8ab77	859dfc07	fe1493c6
24557627	28dade5c	28db4917	a8da73a1	0db68006	3af9acf6
2d050d90	9a5856a3	2d050d90	2d050d90	87e0e0f2	d21d721c
01b772c3	5ac59b6d	5ac59b6d	dac59b6d	1d0d9ab1	00000000
a411bb15	a9aec0f9	a9aed330	29aeaec2	0e46f605	39d57bd2
92234aa2	6e2e701d	6e2e701d	ee2e701d	c0de887b	80000000
241a4d6e	c96f1aa4	c96f1aa4	496f1aa4	ae101e58	9a2534bd
e0d6f2d7	3cf9c88a	e0d6f2d7	e0d6f2d7	de51ba95	e35c4c5b
50a14771	f5e9758a	f5e9758a	75e9758a	ff800000	9a30d9d0
8bd9fd5d	ab0ad52b	ab0ad52b	2b0ad52b	0000001e	2048fb0b
f27db3f0	33945252	f27db3f0	f27db3f0	e692fd9c	fe5af169
861a214e	425a8612	425a8612	c25a8612	89039115	83349023
63d809a4	62a64257	6400cd1d	63ae790e	7f800000	40a652d8
5c7a3599	dcf13e7e	dc684763	5d372ca5	f9ebc989	bf04c1be
71c0d095	22687cdf	71c0d095	71c0d095	54af1b14	7f800000
5e83a5f3	10fc1a4f	5e83a5f3	5e83a5f3	3001a4e3	7f800000
5799894f	fa966b4c	fa966b4c	7a966b4c	ff800000	9c82a713
a904fa4d	3792951f	3792951f	b792951f	a118486b	b0e83d68
059baa62	47e4dd88	47e4dd88	c7e4dd88	0e0b2a74	00015c3e
da077a67	ab78a100	da077a67	da077a67	460393c8	6e0b7ea1
1b475597	62c63313	62c63313	e2c63313	3e9a53f8	00000040
a2f3713c	cd393792	cd393792	4d393792	30b021ad	15283d05
1e802dcf	1831bace	1e80335d	1e802841	00000016	45b8a0aa
8b3bdc7b	16d82cae	16d82cad	96d82caf	80000000	b3de787a
7a12d779	dd9eb7f9	7a12d779	7a12d779	ff800000	dbecd7ed
7589756a	e599f6ef	7589756a	7589756a	ff800000	cf648e25
7e7b86fa	1d850723	7e7b86fa	7e7b86fa	5c82b423	7f800000
3b206293	f357c79d	f357c79d	7357c79d	ef072fd8	873e47b0
3a2481d5	956d22ef	3a2481d5	3a2481d5	901862a5	e43197df
5e3b67c5	3adfc47a	5e3b67c5	5e3b67c5	59a3cf39	62d6666c
d51491fb	b4c99649	d51491fb	d51491fb	4a69fbac	5fbcac38
8635fd8c	5e97b807	5e97b807	de97b807	a557b6c2	80000000
3a68e189	72b5a0a8	72b5a0a8	f2b5a0a8	6da5399c	07241ecb
dc6d745b	cea7d493	dc6d745b	dc6d745b	6b9bac14	4d3519c0
a278cf81	44d87982	44d87982	c4d87982	a7d2652d	9d131eb9
0f367d85	ff6ecf2c	ff6ecf2c	7f6ecf2c	cf2a3c61	80000000
da22d104	caf2c3a4	da22d104	da22d104	659a6603	4eabb183
6118b95c	0b0b8e1b	6118b95c	6118b95c	2ca682d8	7f800000
89d2124b	0049d3da	89d21239	89d2125d	80000000	c9361b9a
e32a0112	775c5196	775c5196	f75c5196	ff800000	ab458972
3e9764be	4651646d	4651659c	c651633e	4577a946	37b91770
f71a2028	78de2e25	78caea20	f8f1722a	ff800000	bdb19614
04a66cb5	f4d03f86	f4d03f86	74d03f86	ba07619f	80000000
7bf6c29f	f4c93aca	7bf6bf7a	7bf6c5c4	ff800000	c69cf626
426773db	6a966aac	6a966aac	ea966aac	6d87fe54	1744f584
a8bde91a	5678d16b	5678d16b	d678d16b	bfb8952c	91c36467
51ec98eb	14969717	51ec98eb	51ec98eb	270b2d3d	7cc91ae9
39fa2c9a	6a1193fa	6a1193fa	ea1193fa	648e43df	0f5bf771
c0112dbe	a89ca337	c0112dbe	c0112dbe	2931a8de	56ed45b1
5ac2c99f	625260bc	62526242	e2525f36	7da012ff	37ed0762
95299c1b	7a76ef4f	7a76ef4f	fa76ef4f	d0239a8f	80000000
66e716cd	7493b047	7493b047	f493b047	7f800000	31c84841
eadd048a	2655b3fa	eadd048a	eadd048a	d1b88029	ff800000
3c4282bb	fea212d0	fea212d0	7ea212d0	fb764a0b	8001333c
82899227	3ecc721d	3ecc721d	becc721d	81dbbb93	832c42f8
36f10ec6	35e771e7	371575a0	36b7324c	2d59ef96	408550fa
8676ea96	e8050eab	e8050eab	68050eab	2f005606	00000000
810fa0d7	a5d0da68	a5d0da68	25d0da68	00000000	1ab00d19
df724379	adbbf216	df724379	df724379	4db1dc62	7124fe3c
1a0d53e3	b57dbb07	b57dbb07	357dbb07	900c1327	a40e977d
74c02d9e	1192a3fe	74c02d9e	74c02d9e	46dc2a40	7f800000
e04828ef	67415abf	6741579e	e7415de0	ff800000	b8848152
4066541b	fd5656f5	fd5656f5	7d5656f5	fe40d88b	82898c5c
5f686cee	99cb492d	5f686cee	5f686cee	b9b890d1	ff800000
9beb2735	7b3857ed	7b3857ed	fb3857ed	d7a954f2	80000000
37150a17	364acc64	3747bd30	36c4adfc	2dec21e9	403c2355
9232a341	748985d3	748985d3	f48985d3	c73fed80	80000000
0bb96b67	f72c72fd	f72c72fd	772c72fd	c379cee5	80000000
d169b756	b95fee66	d169b756	d169b756	4b4c7059	578597d5
8be61ad0	ea5e99c4	ea5e99c4	6a5e99c4	36c81577	00000000
b34e172a	fc31cace	fc31cace	7c31cace	700f2148	00000009
b6388ea0	44f5a459	44f5a459	c4f5a459	bbb116fb	b0c056e1
d1edd34f	483a2ec0	d1edd338	d1edd366	daacf6f6	c9238118
4b210376	c2fbb887	4b2102f8	4b2103f4	ce9e5274	c7a3c02e
5ea028c5	36688cd0	5ea028c5	5ea028c5	55917d0b	67b04f38
0481cebf	9427ef46	9427ef46	1427ef46	80000000	afc5e107
c4943e64	b7830533	c4943e64	c4943e64	3c97bde0	4c90d38d
1c4247b4	9b467502	1c10aa74	1c73e4f4	8000004b	c07a9ca6
c3996cef	c17263d4	c3a1000e	c391d9d0	459144ce	41a20a4f
5152fc4b	56084692	56087b51	d60811d3	67e0a062	3ac62c44
cc0d1415	a3dd8b91	cc0d1415	cc0d1415	30742e80	67a304e0
c5012b7f	645fff4d	645fff4d	e45fff4d	e9e20b6a	a0139fe3
8b5f234c	e1603f30	e1603f30	61603f30	2d4375f6	00000000
596eb1bf	7bbf4c9f	7bbf4c9f	fbbf4c9f	7f800000	1d1fb661
988a5c04	39878695	39878695	b9878695	92927e86	9e82ad27
0d688ea0	fc5f5078	fc5f5078	7c5f5078	ca4add57	80000000
aae7cbd3	f24e7587	f24e7587	724e7587	5dbaf06e	00000048
f47b5f60	1bd6a8ad	f47b5f60	f47b5f60	d0d2c75b	ff800000
992dadce	61b60fb6	61b60fb6	e1b60fb6	bb770872	8000000f
9c6cf912	e5aa8a9f	e5aa8a9f	65aa8a9f	429dddb7	00000006
d46514d9	8efd57f3	d46514d9	d46514d9	23e2b44e	7f800000
d04bcdfe	eda10cca	eda10cca	6da10cca	7e8036bb	2221fb14
f8166387	51572b05	f8166387	f8166387	ff800000	e632ed7f
d6a26d11	ba8abb8b	d6a26d11	d6a26d11	51b00b92	5b95dc49
4347a67e	ebcbc041	ebcbc041	6bcbc041	ef9ee6f5	96fad90b
fcf3773f	2776977f	fcf3773f	fcf3773f	e4ea84ab	ff800000
0128ac6c	cffcd443	cffcd443	4ffcd443	91a69595	80000000
010c5d18	4457b623	4457b623	c457b623	05ec8c19	0000534a
7247055d	f86bc7ef	f86bbb7f	786bd45f	ff800000	b9581671
a426fc1a	52988745	52988745	d2988745	b746fbd7	910c21b2
2715f2d9	5fc0cc91	5fc0cc91	dfc0cc91	4761dbea	06c71a54
2445d771	d1d9b425	d1d9b425	51d9b425	b6a83ed7	91e8a4d8
d67f173c	c729f99d	d67f173c	d67f173c	5e295f11	4ec018b6
918b85d5	4276a748	4276a748	c276a748	94866dc6	8e90cf4e
b58a6502	68993dd1	68993dd1	e8993dd1	dea5af92	8c673280
c9867acd	c0eec334	c9867b09	c9867a91	4afad96b	4810303f
075390b6	d80ce5b0	d80ce5b0	580ce5b0	9fe8e1eb	80000000
a7b7b68d	10ad8333	a7b7b68d	a7b7b68d	800000f9	d6878664
4b9d3f79	a94acd2b	4b9d3f79	4b9d3f79	b5792437	e1c67f3a
ccdc43b5	8dcaf8f6	ccdc43b5	ccdc43b5	1b2ea3a2	7e8ae7a0
a3695b7b	0826766e	a3695b7b	a3695b7b	80000000	dab37029
0ccdc582	01d2f246	0ccdc585	0ccdc57f	00000000	4a79b84b
f587fd0b	80d7c610	f587fd0b	f587fd0b	36e53d75	7f800000
fd7923f4	153fb892	fd7923f4	fd7923f4	d33a9573	ff800000
e4addc71	66411d21	662b6193	e656d8af	ff800000	bde67a51
26958dea	b46b0815	b46b0815	346b0815	9b894dff	b1a2e59b
dd8e65d0	b118d79a	dd8e65d0	dd8e65d0	4f2a08c1	6bee8197
a1630045	bf4bfb3b	bf4bfb3b	3f4bfb3b	2134dffc	218e71ee
2d9da2f1	3a03a661	3a03a661	ba03a661	282221a9	33194420
410a64fc	3ca41f5c	410ab70c	410a12ec	3e31734b	43d7de81
218cf6a1	42ad7677	42ad7677	c2ad7677	24bf07cc	1e500969
3950a7dd	54e53be1	54e53be1	d4e53be1	4ebad6f7	23e904e0
e185981a	8a12c0e1	e185981a	e185981a	2c192acd	7f800000
387935d7	d0be51f4	d0be51f4	50be51f4	c9b945bd	a7279b4e
12509f7e	5bb7dea2	5bb7dea2	dbb7dea2	2e95d771	00000005
8e37c975	366e0a14	366e0a14	b66e0a14	852ae487	9745a773
6c418f68	9e808ba9	6c418f68	6c418f68	cb426299	ff800000
c688603c	f2b521f6	f2b521f6	72b521f6	79c0fc44	1340be77
d9a397d0	1e10b023	d9a397d0	d9a397d0	b838ebe7	fb10b97a
94d18291	a9cf4ec8	a9cf4ec8	29cf4ec8	00153522	2a815c1a
d6a3d4b5	24ba01ed	d6a3d4b5	d6a3d4b5	bbee138e	f1617a82
62010e33	99061c3f	62010e33	62010e33	bb873758	ff800000
1358d7d1	23f80643	23f80643	a3f80643	00000035	2edfd0de
9172525f	6713d180	6713d180	e713d180	b90beb9b	80000000
00dd2c49	31ea8f12	31ea8f12	b1ea8f12	00000000	0e7163f9
53f4264b	d5d0f3d3	d5c1b16e	55e03638	ea4747a7	bd958fa1
1d0b52db	9cd7130a	1bfe4ab0	1d76dc60	80000751	bfa5d5c2
f72427c0	54255923	f72427c0	f72427c0	ff800000	e27e2730
a8e82b61	8f280661	a8e82b61	a8e82b61	00000098	5930dd62
e4b0c3a4	fd508cfb	fd508cfb	7d508cfb	7f800000	26d8fb42
73aa8173	82a8153f	73aa8173	73aa8173	b6dfe634	ff800000
545f1093	503e073d	545fce9a	545e528c	6525949c	439640ba
c8bcf290	b2c3e6dc	c8bcf290	c8bcf290	3c109728	5576e98c
317828ca	93666ca9	317828ca	317828ca	855f5dfb	dd89da07
7b9b9fb9	8d1e6435	7b9b9fb9	7b9b9fb9	c94092fe	ff800000
95f4fa0e	7034478a	7034478a	f034478a	c6ac8447	80000000
40b355fb	34e3b3e4	40b355fc	40b355fa	361f8342	4b499f5a
fdbe5d06	fab1987a	fdc12368	fdbb96a4	7f800000	428933c5
c22b73db	1ae26d92	c22b73db	c22b73db	9d97a5a9	e6c1d83a
d9fec711	680d6e84	680d6e84	e80d6e84	ff800000	b16694dd
b8a1baa2	541ae4d9	541ae4d9	d41ae4d9	cd43b5b2	a405a5f9
a3bcba06	d06392bd	d06392bd	506392bd	34a7c521	12d44d10
99115ad6	c27d5c7b	c27d5c7b	427d5c7b	1c0fdb48	1612de63
5b8642e4	81d238f6	5b8642e4	5b8642e4	9ddc817d	ff800000
e1f2de43	20ab8c68	e1f2de43	e1f2de43	c322bfab	ff800000
57bb89a9	004d5a6a	57bb89a9	57bb89a9	1862aa90	7f800000
c59a0ec6	cbeca767	cbecb108	4bec9dc6	520e6a5c	3926a6d5
a7dc04e8	f1028f77	f1028f77	71028f77	59606b96	00000007
1553dd77	4430216d	4430216d	c430216d	1a11c3ec	1099f830
a8a8727c	df0ca7ae	df0ca7ae	5f0ca7ae	483919e2	09194aac
cb9a298b	791524b8	791524b8	f91524b8	ff800000	92044eae
c506feb7	bfd2e123	c5071913	c506e45b	455e6755	44a3e107
0100c966	571af969	571af969	d71af969	189bed40	00000000
b6b32fe0	d1a0b026	d1a0b026	51a0b026	48e0f26f	248ebc5c
dda00795	3dd43102	dda00795	dda00795	dc04a4ea	df4111a8
e4bac0a5	89f7c499	e4bac0a5	e4bac0a5	2f34bf4a	7f800000
b58a1fa2	ef4e35ce	ef4e35ce	6f4e35ce	655e84f8	05ab7948
18857dd8	516aeec2	516aeec2	d16aeec2	2a75030f	06917659
c132dbfc	83551802	c132dbfc	c132dbfc	0514e1cf	7d56df59
c0cbec62	9ae29c20	c0cbec62	c0cbec62	1c34830c	65665f06
546a056c	4ec29ddb	546a1dc0	5469ed18	63b1e869	4519eaa0
9db033db	705b9975	705b9975	f05b9975	ce9725fc	80000000
7b1bc509	b6ae1cf7	7b1bc509	7b1bc509	f253e318	ff800000
ea9387ee	378fdcf8	ea9387ee	ea9387ee	e2a5d08b	f283436d
b959ee2b	f49d93b7	f49d93b7	749d93b7	6e8624d0	0431066c
6470413b	c74883f0	6470413b	6470413b	ec3c2ec9	dc995e2c
23287e7c	ec312f6c	ec312f6c	6c312f6c	cfe93d54	80000008
6be42cb2	9549229d	6be42cb2	6be42cb2	c1b345f2	ff800000
cd53ea7a	a79a2486	cd53ea7a	cd53ea7a	357f3293	652ff992
9c31cb6b	57b331ed	57b331ed	d7b331ed	b478e7d1	83fdffd5
1ebf137d	5179fcb6	5179fcb6	d179fcb6	30ba9694	0cc3ac09
68d61b47	efa3c261	efa3bf09	6fa3c5b9	ff800000	b8a75a6a
ee85c72d	9a4a4e9a	ee85c72d	ee85c72d	49537079	7f800000
7f56943d	3a90d364	7f56943d	7f56943d	7a72c925	7f800000
0473239c	9e50d299	9e50d299	1e50d299	80000000	a59508dd
d5738a17	cb821285	d5738a27	d5738a07	61777b7c	496fa8c7
b3c25024	0bd28709	b3c25024	b3c25024	804fe61e	e76c488a
81af267a	0b010fa0	0b010f8a	8b010fb6	80000000	b62db5da
f0df9370	ceee44fc	f0df9370	f0df9370	7f800000	6170368b
d3757a77	88a54eb6	d3757a77	d3757a77	1c9e8369	7f800000
2d334611	9d9399dc	2d334611	2d334611	8b4eb9f5	cf1b7776
0483a5c8	20f46f36	20f46f36	a0f46f36	00000000	2309e067
aaec6864	bc5e3470	bc5e3470	3c5e3470	27cd32f3	2e082e79
f8cd6095	09ef2dfe	f8cd6095	f8cd6095	c33fe211	ff800000
23b6a728	958b511a	23b6a728	23b6a728	8000031b	cda7d0e0
1a53324b	1195f257	1a533296	1a533200	00000000	483448fd
31b30254	50e66864	50e66864	d0e66864	43211d16	2046e46d
549ce6e0	3ba96abc	549ce6e0	549ce6e0	50cfaba9	586d16c3
06f1723f	ee0ba545	ee0ba545	6e0ba545	b583b4e8	80000000
fcf57d1d	2234dc62	fcf57d1d	fcf57d1d	dfad6f4e	ff800000
e1155c24	0a58ffed	e1155c24	e1155c24	abfd361f	ff800000
9e940d48	c021ad4f	c021ad4f	4021ad4f	1f3b012a	1dea6d0b
3a830e32	a364237d	3a830e32	3a830e32	9e69959f	d6930f81
ccc2243f	de68736e	de68736e	5e68736e	6bb04863	2dd5cf46
c6f8b2c7	f827fa82	f827fa82	7827fa82	7f800000	0e3d8237
2a1fd0ce	152f59f1	2a1fd0ce	2a1fd0ce	0036bbf1	546951ad
4f56ebeb	81a81f42	4f56ebeb	4f56ebeb	918d2510	ff800000
8545a827	db6ea591	db6ea591	5b6ea591	2138422a	00000000
6eccb4cd	5d39a40b	6eccb4cd	6eccb4cd	7f800000	510d254d
7f526620	ef483464	7f526620	7f526620	ff800000	cf868486
03cb0566	39c67286	39c67286	b9c67286	0004eb08	0982f339
2af33068	c85a9887	c85a9887	485a9887	b3cfa81e	a20e6696
1422de95	cb9284d0	cb9284d0	4b9284d0	a03a6ee0	880e48b9
1e46cbce	57362682	57362682	d7362682	360d72cc	068bb27b
4e1072a5	1bd139a4	4e1072a5	4e1072a5	2a6c1c3e	71b0bdac
2f168fa4	54bdc77e	54bdc77e	d4bdc77e	445f3ac0	19cb18e3
44744575	1ccadc2c	44744575	44744575	21c190e4	671a212a
11d562d7	98df3d81	98df3a2b	18df40d7	80000000	b874b325
e37cd8a4	2fd0913f	e37cd8a4	e37cd8a4	d3cdff7a	f31b2ca7
525d0b50	8383e28b	525d0b50	525d0b50	9663c0cc	ff800000
b4357c33	064bee21	b4357c33	b4357c33	80001212	ed63d2f4
f8cfb1f7	a681d678	f8cfb1f7	f8cfb1f7	5fd2ad5b	7f800000
4c85f995	d97b7830	d97b7830	597b7830	e6839a9b	b288637e
c1268846	d3602747	d3602747	53602747	5511d0ca	2d3e3140
cdc9e570	316c9c79	cdc9e570	cdc9e570	bfba9aea	dbda70bb
e812a957	b3b022c5	e812a957	e812a957	5c49d0ae	73d5294b
815a305c	0ccd8e88	0ccd8e86	8ccd8e8a	80000000	b407ddb4
69f1e2b8	5534b00e	69f1e2b8	69f1e2b8	7f800000	542b5a56
60718c04	c201715a	60718c04	60718c04	e2f44503	ddeedac9
2f5ad583	f0665220	f0665220	70665220	e044e207	800799dc
abfd8f3a	ed2606c2	ed2606c2	6d2606c2	59a47191	00061be1
6eebd75e	a8336930	6eebd75e	6eebd75e	d7a5487e	ff800000
e829d5ea	a0b3294b	e829d5ea	e829d5ea	496db7ef	7f800000
fba798c6	21f09a55	fba798c6	fba798c6	de1d8443	ff800000
48344adb	5cdff1f9	5cdff1f9	dcdff1f9	659db79f	2ace1950
e2e65ccf	a69de0de	e2e65ccf	e2e65ccf	4a0e1144	7bbac43e
0bfeeffc	af3306ef	af3306ef	2f3306ef	80002c92	9c364628
6b0e7e57	e7449847	6b0db9bf	6b0f42ef	ff800000	c3398d05
7355cfdb	a5fdaa3e	7355cfdb	7355cfdb	d9d3dc9b	ff800000
6ec46511	7a0f71b6	7a0f71b8	fa0f71b4	7f800000	342f3fe5
0747a8d4	f860774d	f860774d	7860774d	c02f10c5	80000000
e4bf68a3	63063551	e4aea1f9	e4d02f4d	ff800000	c1368df1
1f4e6089	a66fceec	a66fcbb2	266fd226	864152f0	b85c4fc2
f64286ca	5946b8e9	f64286ca	f64286ca	ff800000	dc7a9849
8c8c3cc6	a866d86c	a866d86c	2866d86c	00000002	239b84c9
1732167b	5887ed7e	5887ed7e	d887ed7e	303d1e23	00053d9c
0c157cd7	cc6d6b4d	cc6d6b4d	4c6d6b4d	990aa33b	801425fb
04351fca	edbdfc8e	edbdfc8e	6dbdfc8e	b2866b28	80000000
19040207	becdcab8	becdcab8	3ecdcab8	98543c50	99a436ef
c7b43bae	ec041aa2	ec041aa2	6c041aa2	743a030c	1b2ea246
b02f8c1c	3d3fc45e	3d3fc45e	bd3fc45e	ae038031	b26a58ee
1d21706c	902061a9	1d21706c	1d21706c	80000000	cc80d818
95486db3	80567e97	95486db3	95486db3	00000000	54944daa
6228ad16	06a1970a	6228ad16	6228ad16	2954f0bf	7f800000
71a49119	28880848	71a49119	71a49119	5aaee4d0	7f800000
8f2109b0	cd72a59e	cd72a59e	4d72a59e	1d18a357	0129e65f
f8ac6407	06b93f41	f8ac6407	f8ac6407	bff97dc3	ff800000
36b8408c	5ea3dafa	5ea3dafa	dea3dafa	55ebdd68	178feef8
0dba852e	5e69f93f	5e69f93f	de69f93f	2caa78d0	00000000
8d7e43d2	02acebfb	8d7e43cd	8d7e43d7	80000000	ca3c3634
29b01731	1212ccb7	29b01731	29b01731	000064fa	57198a32
7d8be803	a7979c80	7d8be803	7d8be803	e5a5b6c2	ff800000
59199fde	431e7aed	59199fde	59199fde	5cbe34df	55782808
3745f804	fe7d1422	fe7d1422	7e7d1422	f643b5ae	80000064
c68e4123	a73fc09d	c68e4123	c68e4123	2e551b42	5ebdeae2
e49bdbdb	bedba1a7	e49bdbdb	e49bdbdb	6405b77f	6535aad5
6b29eb70	53a6633c	6b29eb70	6b29eb70	7f5ce111	5702b798
809a8e35	5396a261	5396a261	d396a261	94b5e2b7	80000000
f6bc5bb2	178d081c	f6bc5bb2	f6bc5bb2	cecf88f1	ff800000
8073c7cc	77063f55	77063f55	f7063f55	b7f2dce6	80000000
de1693b7	d3d43a6c	de1693be	de1693b0	7279a961	49b5a221
4cde864c	f4c42c00	f4c42c00	74c42c00	ff800000	979131e3
5000f0f2	9536b7dd	5000f0f2	5000f0f2	a5b80fcf	fa34a7a9
e0c15342	383c7c96	e0c15342	e0c15342	d98e573a	e803492c
cf8d8478	84f22341	cf8d8478	cf8d8478	1505dab6	7f800000
8a1151e3	42f28df4	42f28df4	c2f28df4	8d89affd	86996018
b377bf19	904970fb	b377bf19	b377bf19	0442f261	629d6c5a
9d52aac5	173b6357	9d529f0f	9d52b67b	80000001	c58fe6bc
c7cec357	653d6681	653d6681	e53d6681	ed98f901	a20bbbe5
356e6712	e336f607	e336f607	6336f607	d92a6264	91a6c97d
6308eda3	65a22462	65a66bcf	e59ddcf5	7f800000	3cd830d9
d0bc62b4	3b4b3bb1	d0bc62b4	d0bc62b4	cc958e32	d4ed4c23
1a4774a7	273b88e1	273b88e1	a73b88e1	02121cdb	328822f5
2bc84ca9	226eeee2	2bc84cc7	2bc84c8b	0ebaf22d	48d69b53
2181a79a	9c76ad6c	218188c4	2181c670	8007ceee	c4868dff
3791912d	8d27a62f	3791912d	3791912d	853ea866	e9de47de
a4158b24	157e0fe3	a4158b24	a4158b24	800004a3	ce16af28
9cdf16a8	3a8ea9aa	3a8ea9aa	ba8ea9aa	97f8a4d7	a1c828e0
f0ae5715	c5b4d649	f0ae5715	f0ae5715	76f64e53	6a76cd81
5ec0379d	129a8c5b	5ec0379d	5ec0379d	31e815ae	7f800000
22ea145e	b6c8adfd	b6c8adfd	36c8adfd	9a377f01	ab954db6
19b76516	693fa91f	693fa91f	e93fa91f	43894d93	00000000
2a638cdb	66ff4c26	66ff4c26	e6ff4c26	51e2ecfe	02e42d29
f09e0c1f	71c5b538	719e3230	f1ed3840	ff800000	be4ca55e
bf42b040	44251ca8	4424ebfc	c4254d54	c3fb22c9	ba96edbd
726ddb8e	591a1e4a	726ddb8e	726ddb8e	7f800000	58c58c4f
03001405	0f62aa10	0f62aa11	8f62aa0f	00000000	3310a790
10d43f23	90e6b8c3	8f13cd00	115d7bf3	80000000	bf6b8030
188d9aa5	84eed8f9	188d9aa5	188d9aa5	80000000	d317c5ed
3de0d44c	4398c887	4398d694	c398ba7a	42062e2a	39bc5bf7
6f28226b	2c76bd73	6f28226b	6f28226b	5c220d80	7f800000
bac91906	1f427b1c	bac91906	bac91906	9a98c5ac	db045adf
8d9b4785	8ab2dda5	8d9e12fc	8d987c0e	00000000	425e3dfd
48716293	30a2c5e1	48716293	48716293	39997af6	573dd17c
c3873ceb	aef44d4d	c3873ceb	c3873ceb	33010ee6	540db6b1
4857f439	ca1e620e	ca10e2ca	4a2be152	d3059b72	bdae86e8
b0b7d58d	640f1ab2	640f1ab2	e40f1ab2	d54d86eb	8c246e54
1db81c82	57d42af4	57d42af4	d7d42af4	36189680	055e25b8
cb9a1325	b1c627c6	cb9a1325	cb9a1325	3dee857d	59470d36
3b3ffbb5	7c7c08af	7c7c08af	fc7c08af	783d0249	00061809
a6637eb6	d1abee78	d1abee78	51abee78	3898c98e	14295db3
80aaebdb	b765ce73	b765ce73	3765ce73	00000099	08be6731
2fb1dbda	86604962	2fb1dbda	2fb1dbda	8000000a	e8cb01e5
19c8bc58	719d3f7b	719d3f7b	f19d3f7b	4bf69a92	00000000
a44f4fed	ae370e1f	ae370e2c	2e370e12	13143d92	3590f629
63add760	455a89c6	63add760	63add760	699466f6	5dcba425
de5ed203	df3ea221	df7656a2	5f06eda0	7e25ecfc	3e959ca3
b58bb9fd	f6100713	f6100713	76100713	6c1d38f6	000f85ae
0eef0079	bd61a6fe	bd61a6fe	3d61a6fe	8cd2ab52	9107928c
9f79ae8a	66c91657	66c91657	e6c91657	c6c41fd4	8000004f
bfc1b799	dacb8c93	dacb8c93	5acb8c93	5b1a06f6	2473a272
8675ad37	d20a43f0	d20a43f0	520a43f0	1904b092	00000000
5f079fc0	02ca7f10	5f079fc0	5f079fc0	22568ebc	7f800000
55808c6e	7c495881	7c495881	fc495881	7f800000	18a37142
1133b3fe	6dec6055	6dec6055	edec6055	3fa5ed8d	00000000
ee03dc7c	82045297	ee03dc7c	ee03dc7c	30885075	7f800000
14114527	0766bc55	14114527	14114527	00000000	4c212d2b
61f9d539	84fccff4	61f9d539	61f9d539	a776b8d6	ff800000
c8baae5e	ca15722a	ca2cc7f6	49fc38bc	5359f57a	3e1fe44d
84cbdab8	f03044bf	f03044bf	703044bf	358c5d1d	00000000
7d8556b2	7aa72485	7d87f344	7d82ba20	7f800000	424c3994
fcda8950	da386524	fcda8950	fcda8950	7f800000	6217b318
41eb7b1a	accaf6d9	41eb7b1a	41eb7b1a	af3ab232	d49481b7
dc444399	c5842e94	dc444399	dc444399	624aad21	563e0e00
93161e26	0ac14f09	93161dc5	93161e87	80000000	c7c6cd4b
640648bd	673a7eca	673c97ed	e73865a7	7f800000	3c385492
9b811301	fa6d281f	fa6d281f	7a6d281f	566f25a5	00000000
c824af01	5845d61a	5845d61a	d845d61a	e0fe88ce	af5519b4
479837c7	96125990	479837c7	479837c7	9e2e0a21	f10521dd
f72b157d	6dad3937	f72b1567	f72b1593	ff800000	c8fcd689
3d291b1d	9b06f68b	3d291b1d	3d291b1d	98b24e1a	e1a061a0
c8954b5a	ced73fba	ced7490f	4ed73665	57fb0ee5	39318f10
b4b82326	75db1b2f	75db1b2f	f5db1b2f	eb1d999f	8006b925
98e143cb	e52f7153	e52f7153	652f7153	3e9a6110	00000000
7892c98d	e6de5f59	7892c98d	7892c98d	ff800000	d128fc18
e6f217b8	73dfecac	73dfecac	f3dfecac	ff800000	b28a62a3
a462730c	0a28d736	a462730c	a462730c	80000000	d9abac80
83e03ca9	b9745e2b	b9745e2b	39745e2b	00035831	09eae92e
